dc_bus,model,max_replicas,max_gpus,hosting_capacity_kw,hosting_capacity_MW,search_iterations,tap_creg1a_20pct,tap_creg2a_20pct,tap_creg3a_20pct,tap_creg3c_20pct,tap_creg4a_20pct,tap_creg4b_20pct,tap_creg4c_20pct,tap_creg1a_40pct,tap_creg2a_40pct,tap_creg3a_40pct,tap_creg3c_40pct,tap_creg4a_40pct,tap_creg4b_40pct,tap_creg4c_40pct,tap_creg1a_60pct,tap_creg2a_60pct,tap_creg3a_60pct,tap_creg3c_60pct,tap_creg4a_60pct,tap_creg4b_60pct,tap_creg4c_60pct,tap_creg1a_80pct,tap_creg2a_80pct,tap_creg3a_80pct,tap_creg3c_80pct,tap_creg4a_80pct,tap_creg4b_80pct,tap_creg4c_80pct,tap_creg1a_100pct,tap_creg2a_100pct,tap_creg3a_100pct,tap_creg3c_100pct,tap_creg4a_100pct,tap_creg4b_100pct,tap_creg4c_100pct
1,Llama-3.1-8B,7138,7138,9993.2,9.9932,12,6,2,2,5,11,1,4,7,3,3,5,12,1,4,7,3,3,5,12,1,4,7,3,3,5,12,1,4,7,3,3,5,12,1,4
1,Llama-3.1-70B,1781,7124,9973.6,9.973600000000001,10,6,2,2,5,11,1,4,7,3,3,5,12,1,4,7,3,3,5,12,1,4,7,3,3,5,12,1,4,7,3,3,5,12,1,4
1,Llama-3.1-405B,888,7104,9945.6,9.9456,9,6,2,2,5,11,1,4,7,3,3,5,12,1,4,7,3,3,5,12,1,4,7,3,3,5,12,1,4,7,3,3,5,12,1,4
1,Qwen3-30B-A3B,3567,7134,9987.6,9.9876,11,6,2,2,5,11,1,4,7,3,3,5,12,1,4,7,3,3,5,12,1,4,7,3,3,5,12,1,4,7,3,3,5,12,1,4
1,Qwen3-235B-A22B,888,7104,9945.6,9.9456,9,6,2,2,5,11,1,4,7,3,3,5,12,1,4,7,3,3,5,12,1,4,7,3,3,5,12,1,4,7,3,3,5,12,1,4
100,Llama-3.1-8B,1750,1750,2450.0,2.45,12,8,4,4,5,13,0,4,9,5,5,5,14,-5,4,9,5,5,5,14,-2,4,9,5,5,5,14,-2,4,10,6,6,5,15,1,4
100,Llama-3.1-70B,477,1908,2671.2,2.6712,10,8,4,4,5,13,0,4,9,5,5,5,14,-5,4,9,5,5,5,14,0,4,9,5,5,5,14,-3,4,10,6,6,5,15,1,4
100,Llama-3.1-405B,222,1776,2486.4,2.4864,9,8,4,4,5,13,0,4,9,5,5,5,14,-5,4,9,5,5,5,14,-1,4,9,5,5,5,14,1,4,10,6,6,5,15,1,4
100,Qwen3-30B-A3B,1031,2062,2886.8,2.8868,11,8,4,4,5,13,0,4,9,5,5,5,14,1,4,9,5,5,5,14,-4,4,9,5,5,5,14,-2,4,10,6,6,5,15,1,4
100,Qwen3-235B-A22B,256,2048,2867.2,2.8672,9,8,4,4,5,13,0,4,9,5,5,5,14,-5,4,9,5,5,5,14,-2,4,9,5,5,5,14,-2,4,10,6,6,5,15,1,4
101,Llama-3.1-8B,1775,1775,2485.0,2.485,12,8,4,4,5,13,0,4,9,5,5,5,14,-6,4,9,5,5,5,14,0,4,9,5,5,5,14,-4,4,10,6,6,5,15,1,4
101,Llama-3.1-70B,487,1948,2727.2,2.7272,10,8,4,4,5,13,0,4,9,5,5,5,14,-1,4,9,5,5,5,14,1,4,9,5,5,5,14,-4,4,10,6,6,5,15,1,4
101,Llama-3.1-405B,222,1776,2486.4,2.4864,9,8,4,4,5,13,0,4,8,4,4,5,13,-5,4,9,5,5,5,14,-5,4,9,5,5,5,14,1,4,9,5,5,5,14,-4,4
101,Qwen3-30B-A3B,1045,2090,2926.0,2.926,11,8,4,4,5,13,0,4,9,5,5,5,14,-4,4,9,5,5,5,14,1,4,9,5,5,5,14,-5,4,10,6,6,5,15,1,4
101,Qwen3-235B-A22B,263,2104,2945.6,2.9455999999999998,9,8,4,4,5,13,0,4,9,5,5,5,14,1,4,9,5,5,5,14,1,4,9,5,5,5,14,-4,4,10,6,6,5,15,1,4
105,Llama-3.1-8B,1754,1754,2455.6,2.4556,12,8,4,4,5,13,0,4,8,4,4,5,13,0,4,9,5,5,5,14,1,4,9,5,5,5,14,1,4,10,6,6,5,15,1,4
105,Llama-3.1-70B,446,1784,2497.6,2.4976,10,8,4,4,5,13,0,4,9,5,5,5,14,-6,4,9,5,5,5,14,-6,4,9,5,5,5,14,-5,4,9,5,5,5,14,-4,4
105,Llama-3.1-405B,222,1776,2486.4,2.4864,9,8,4,4,5,13,0,4,9,5,5,5,14,-6,4,9,5,5,5,14,-3,4,9,5,5,5,14,1,4,10,6,6,5,15,1,4
105,Qwen3-30B-A3B,1042,2084,2917.6,2.9175999999999997,11,8,4,4,5,13,0,4,9,5,5,5,14,1,4,9,5,5,5,14,1,4,9,5,5,5,14,-4,4,10,6,6,5,15,1,4
105,Qwen3-235B-A22B,260,2080,2912.0,2.912,9,8,4,4,5,13,0,4,9,5,5,5,14,-5,4,9,5,5,5,14,1,4,9,5,5,5,14,-4,4,10,6,6,5,15,1,4
108,Llama-3.1-8B,1747,1747,2445.8,2.4458,12,8,4,4,5,13,0,4,9,5,5,5,14,-5,4,9,5,5,5,14,-4,4,9,5,5,5,14,-3,4,10,6,6,5,15,1,4
108,Llama-3.1-70B,477,1908,2671.2,2.6712,10,8,4,4,5,13,0,4,9,5,5,5,14,-5,4,9,5,5,5,14,-1,4,9,5,5,5,14,-4,4,10,6,6,5,15,1,4
108,Llama-3.1-405B,222,1776,2486.4,2.4864,9,8,4,4,5,13,0,4,9,5,5,5,14,-5,4,9,5,5,5,14,-2,4,9,5,5,5,14,1,4,10,6,6,5,15,1,4
108,Qwen3-30B-A3B,1031,2062,2886.8,2.8868,11,8,4,4,5,13,0,4,9,5,5,5,14,0,4,9,5,5,5,14,-5,4,9,5,5,5,14,-3,4,10,6,6,5,15,1,4
108,Qwen3-235B-A22B,256,2048,2867.2,2.8672,9,8,4,4,5,13,0,4,9,5,5,5,14,-6,4,9,5,5,5,14,-3,4,9,5,5,5,14,-3,4,10,6,6,5,15,1,4
13,Llama-3.1-8B,5157,5157,7219.8,7.2198,12,8,4,4,5,13,1,4,9,5,5,5,14,1,4,10,6,6,5,15,1,4,10,6,6,5,15,-8,4,11,7,7,5,16,1,4
13,Llama-3.1-70B,1308,5232,7324.8,7.3248,10,8,4,4,5,13,1,4,9,5,5,5,14,1,4,9,5,5,5,14,-6,4,10,6,6,5,15,1,4,10,6,6,5,15,-7,4
13,Llama-3.1-405B,700,5600,7840.0,7.84,9,8,4,4,5,13,1,4,9,5,5,5,14,1,4,10,6,6,5,15,1,4,10,6,6,5,15,-7,4,11,7,7,5,15,-7,4
13,Qwen3-30B-A3B,3083,6166,8632.4,8.6324,11,9,5,5,5,14,1,4,9,5,5,5,14,0,4,10,6,6,5,15,1,4,10,6,6,5,15,-7,4,11,7,7,5,15,-7,4
13,Qwen3-235B-A22B,704,5632,7884.8,7.8848,9,8,4,4,5,13,1,4,9,5,5,5,14,1,4,9,5,5,5,14,-8,4,10,6,6,5,15,1,4,10,6,6,5,15,-7,4
135,Llama-3.1-8B,3001,3001,4201.4,4.2014,12,7,3,3,5,12,1,4,7,3,3,5,12,1,4,8,4,4,5,13,1,4,8,4,4,5,13,1,4,9,5,5,5,14,1,4
135,Llama-3.1-70B,737,2948,4127.2,4.1272,10,7,3,3,5,12,1,4,7,3,3,5,12,1,4,8,4,4,5,13,1,4,8,4,4,5,13,1,4,8,4,4,5,13,1,4
135,Llama-3.1-405B,360,2880,4032.0,4.032,9,7,3,3,5,12,1,4,7,3,3,5,12,1,4,8,4,4,5,13,1,4,8,4,4,5,13,1,4,8,4,4,5,13,1,4
135,Qwen3-30B-A3B,1714,3428,4799.2,4.7992,11,7,3,3,5,12,1,4,7,3,3,5,12,1,4,8,4,4,5,13,1,4,8,4,4,5,13,1,4,9,5,5,5,14,1,4
135,Qwen3-235B-A22B,423,3384,4737.6,4.7376000000000005,9,7,3,3,5,12,1,4,7,3,3,5,12,1,4,8,4,4,5,13,1,4,8,4,4,5,13,1,4,9,5,5,5,14,1,4
151,Llama-3.1-8B,1053,1053,1474.2,1.4742,12,6,2,2,5,11,0,4,6,2,2,5,11,0,4,6,2,2,5,11,0,4,7,3,3,5,12,0,4,7,3,3,5,12,0,4
151,Llama-3.1-70B,289,1156,1618.4,1.6184,10,6,2,2,5,11,0,4,6,2,2,5,11,0,4,6,2,2,5,11,0,4,7,3,3,5,12,0,4,7,3,3,5,12,0,4
151,Llama-3.1-405B,138,1104,1545.6,1.5455999999999999,9,6,2,2,5,11,0,4,6,2,2,5,11,0,4,6,2,2,5,11,0,4,7,3,3,5,12,0,4,7,3,3,5,12,0,4
151,Qwen3-30B-A3B,624,1248,1747.2,1.7472,11,6,2,2,5,11,0,4,6,2,2,5,11,0,4,6,2,2,5,11,0,4,7,3,3,5,12,0,4,7,3,3,5,12,0,4
151,Qwen3-235B-A22B,159,1272,1780.8,1.7808,9,6,2,2,5,11,0,4,6,2,2,5,11,0,4,6,2,2,5,11,0,4,7,3,3,5,12,0,4,7,3,3,5,12,0,4
152,Llama-3.1-8B,5157,5157,7219.8,7.2198,12,8,4,4,5,13,1,4,9,5,5,5,14,1,4,10,6,6,5,15,1,4,10,6,6,5,15,-8,4,11,7,7,5,16,1,4
152,Llama-3.1-70B,1308,5232,7324.8,7.3248,10,8,4,4,5,13,1,4,9,5,5,5,14,1,4,9,5,5,5,14,-6,4,10,6,6,5,15,1,4,10,6,6,5,15,-7,4
152,Llama-3.1-405B,700,5600,7840.0,7.84,9,8,4,4,5,13,1,4,9,5,5,5,14,1,4,10,6,6,5,15,1,4,10,6,6,5,15,-7,4,11,7,7,5,15,-7,4
152,Qwen3-30B-A3B,3083,6166,8632.4,8.6324,11,9,5,5,5,14,1,4,9,5,5,5,14,0,4,10,6,6,5,15,1,4,10,6,6,5,15,-7,4,11,7,7,5,15,-7,4
152,Qwen3-235B-A22B,704,5632,7884.8,7.8848,9,8,4,4,5,13,1,4,9,5,5,5,14,1,4,9,5,5,5,14,-8,4,10,6,6,5,15,1,4,10,6,6,5,15,-7,4
160,Llama-3.1-8B,1798,1798,2517.2,2.5172,12,8,4,4,5,13,0,4,8,4,4,5,13,-7,4,9,5,5,5,14,-7,4,9,5,5,5,14,-7,4,10,6,6,5,15,1,4
160,Llama-3.1-70B,505,2020,2828.0,2.828,10,8,4,4,5,13,0,4,8,4,4,5,13,-6,4,9,5,5,5,14,1,4,9,5,5,5,14,-6,4,10,6,6,5,15,1,4
160,Llama-3.1-405B,242,1936,2710.4,2.7104,9,8,4,4,5,13,0,4,8,4,4,5,13,0,4,8,4,4,5,13,1,4,9,5,5,5,14,-6,4,10,6,6,5,15,1,4
160,Qwen3-30B-A3B,1091,2182,3054.8,3.0548,11,8,4,4,5,13,0,4,9,5,5,5,14,1,4,9,5,5,5,14,1,4,10,6,6,5,15,1,4,10,6,6,5,15,1,4
160,Qwen3-235B-A22B,270,2160,3024.0,3.024,9,8,4,4,5,13,0,4,9,5,5,5,14,1,4,9,5,5,5,14,1,4,9,5,5,5,14,-6,4,10,6,6,5,15,1,4
18,Llama-3.1-8B,3001,3001,4201.4,4.2014,12,7,3,3,5,12,1,4,7,3,3,5,12,1,4,8,4,4,5,13,1,4,8,4,4,5,13,1,4,9,5,5,5,14,1,4
18,Llama-3.1-70B,737,2948,4127.2,4.1272,10,7,3,3,5,12,1,4,7,3,3,5,12,1,4,8,4,4,5,13,1,4,8,4,4,5,13,1,4,8,4,4,5,13,1,4
18,Llama-3.1-405B,360,2880,4032.0,4.032,9,7,3,3,5,12,1,4,7,3,3,5,12,1,4,8,4,4,5,13,1,4,8,4,4,5,13,1,4,8,4,4,5,13,1,4
18,Qwen3-30B-A3B,1714,3428,4799.2,4.7992,11,7,3,3,5,12,1,4,7,3,3,5,12,1,4,8,4,4,5,13,1,4,8,4,4,5,13,1,4,9,5,5,5,14,1,4
18,Qwen3-235B-A22B,423,3384,4737.6,4.7376000000000005,9,7,3,3,5,12,1,4,7,3,3,5,12,1,4,8,4,4,5,13,1,4,8,4,4,5,13,1,4,9,5,5,5,14,1,4
197,Llama-3.1-8B,1789,1789,2504.6,2.5046,12,8,4,4,5,13,0,4,9,5,5,5,14,-7,4,9,5,5,5,14,-6,4,9,5,5,5,14,-5,4,10,6,6,5,15,1,4
197,Llama-3.1-70B,487,1948,2727.2,2.7272,10,8,4,4,5,13,0,4,8,4,4,5,13,-2,4,9,5,5,5,14,1,4,9,5,5,5,14,-5,4,10,6,6,5,15,1,4
197,Llama-3.1-405B,239,1912,2676.8,2.6768,9,8,4,4,5,13,0,4,9,5,5,5,14,-6,4,9,5,5,5,14,-2,4,9,5,5,5,14,-5,4,10,6,6,5,15,1,4
197,Qwen3-30B-A3B,1056,2112,2956.8,2.9568000000000003,11,9,5,5,5,14,-7,4,9,5,5,5,14,-7,4,9,5,5,5,14,1,4,9,5,5,5,14,-5,4,10,6,6,5,15,1,4
197,Qwen3-235B-A22B,267,2136,2990.4,2.9904,9,9,5,5,5,14,-7,4,9,5,5,5,14,-2,4,9,5,5,5,14,-5,4,9,5,5,5,14,-5,4,10,6,6,5,15,1,4
21,Llama-3.1-8B,2639,2639,3694.6,3.6946,12,7,3,3,5,12,1,4,7,3,3,5,12,1,4,7,3,3,5,12,1,4,8,4,4,5,13,1,4,8,4,4,5,13,1,4
21,Llama-3.1-70B,723,2892,4048.8,4.0488,10,7,3,3,5,12,1,4,7,3,3,5,12,1,4,7,3,3,5,12,1,4,8,4,4,5,13,1,4,8,4,4,5,13,1,4
21,Llama-3.1-405B,350,2800,3920.0,3.92,9,7,3,3,5,12,1,4,7,3,3,5,12,1,4,7,3,3,5,12,1,4,8,4,4,5,13,1,4,8,4,4,5,13,1,4
21,Qwen3-30B-A3B,1547,3094,4331.6,4.331600000000001,11,7,3,3,5,12,1,4,7,3,3,5,12,1,4,7,3,3,5,12,1,4,8,4,4,5,13,1,4,8,4,4,5,13,1,4
21,Qwen3-235B-A22B,388,3104,4345.6,4.3456,9,7,3,3,5,12,1,4,7,3,3,5,12,1,4,7,3,3,5,12,1,4,8,4,4,5,13,1,4,8,4,4,5,13,1,4
23,Llama-3.1-8B,2541,2541,3557.4,3.5574,12,7,3,3,5,12,0,4,7,3,3,5,12,1,4,7,3,3,5,12,1,4,8,4,4,5,13,1,4,8,4,4,5,13,1,4
23,Llama-3.1-70B,695,2780,3892.0,3.892,10,7,3,3,5,12,1,4,7,3,3,5,12,1,4,7,3,3,5,12,1,4,8,4,4,5,13,1,4,8,4,4,5,13,1,4
23,Llama-3.1-405B,337,2696,3774.4,3.7744,9,7,3,3,5,12,1,4,7,3,3,5,12,1,4,7,3,3,5,12,1,4,8,4,4,5,13,1,4,8,4,4,5,13,1,4
23,Qwen3-30B-A3B,1488,2976,4166.4,4.166399999999999,11,7,3,3,5,12,1,4,7,3,3,5,12,1,4,7,3,3,5,12,1,4,8,4,4,5,13,1,4,8,4,4,5,13,1,4
23,Qwen3-235B-A22B,371,2968,4155.2,4.1552,9,7,3,3,5,12,1,4,7,3,3,5,12,1,4,7,3,3,5,12,1,4,8,4,4,5,13,1,4,8,4,4,5,13,1,4
25,Llama-3.1-8B,2353,2353,3294.2,3.2942,12,7,3,3,5,12,0,4,7,3,3,5,12,1,4,7,3,3,5,12,1,4,8,4,4,5,13,1,4,8,4,4,9,13,1,8
25,Llama-3.1-70B,647,2588,3623.2,3.6231999999999998,10,7,3,3,5,12,1,4,7,3,3,5,12,1,4,7,3,3,5,12,1,4,8,4,4,5,13,1,4,8,4,4,7,13,1,6
25,Llama-3.1-405B,312,2496,3494.4,3.4944,9,7,3,3,5,12,1,4,7,3,3,5,12,1,4,8,4,4,5,13,1,4,8,4,4,5,13,1,4,8,4,4,5,13,1,4
25,Qwen3-30B-A3B,1379,2758,3861.2,3.8611999999999997,11,7,3,3,5,12,1,4,7,3,3,5,12,1,4,7,3,3,5,12,1,4,8,4,4,5,13,1,4,8,4,4,5,13,1,4
25,Qwen3-235B-A22B,346,2768,3875.2,3.8752,9,7,3,3,5,12,0,4,7,3,3,5,12,1,4,7,3,3,5,12,1,4,8,4,4,5,13,1,4,8,4,4,5,13,1,4
250,Llama-3.1-8B,1656,1656,2318.4,2.3184,12,6,2,2,5,11,0,4,6,2,2,5,11,0,4,7,3,3,5,12,0,4,7,3,3,5,12,0,4,7,3,3,9,12,1,8
250,Llama-3.1-70B,456,1824,2553.6,2.5536,10,6,2,2,5,11,0,4,7,3,3,5,12,0,4,7,3,3,5,12,0,4,7,3,3,5,12,0,4,7,3,3,9,12,1,8
250,Llama-3.1-405B,222,1776,2486.4,2.4864,9,6,2,2,5,11,0,4,6,2,2,5,11,0,4,7,3,3,5,12,0,4,7,3,3,5,12,1,4,7,3,3,9,12,1,8
250,Qwen3-30B-A3B,975,1950,2730.0,2.73,11,6,2,2,5,11,0,4,6,2,2,5,11,0,4,7,3,3,5,12,0,4,7,3,3,5,12,1,4,7,3,3,9,12,1,8
250,Qwen3-235B-A22B,246,1968,2755.2,2.7552,9,6,2,2,5,11,0,4,6,2,2,5,11,0,4,7,3,3,5,12,0,4,7,3,3,5,12,1,4,7,3,3,9,12,1,8
28,Llama-3.1-8B,2231,2231,3123.4,3.1234,12,6,2,2,5,11,1,4,7,3,3,5,12,1,4,7,3,3,5,12,1,4,8,4,4,5,13,1,4,8,4,4,5,13,1,4
28,Llama-3.1-70B,616,2464,3449.6,3.4495999999999998,10,7,3,3,5,12,0,4,7,3,3,5,12,1,4,8,4,4,5,13,1,4,8,4,4,5,13,1,4,8,4,4,9,13,1,8
28,Llama-3.1-405B,298,2384,3337.6,3.3376,9,7,3,3,5,12,0,4,7,3,3,5,12,1,4,7,3,3,5,12,1,4,8,4,4,5,13,1,4,8,4,4,5,13,1,4
28,Qwen3-30B-A3B,1317,2634,3687.6,3.6875999999999998,11,7,3,3,5,12,1,4,7,3,3,5,12,1,4,7,3,3,5,12,1,4,8,4,4,5,13,1,4,8,4,4,5,13,1,4
28,Qwen3-235B-A22B,330,2640,3696.0,3.696,9,7,3,3,5,12,1,4,7,3,3,5,12,1,4,7,3,3,5,12,1,4,8,4,4,5,13,1,4,8,4,4,5,13,1,4
29,Llama-3.1-8B,2039,2039,2854.6,2.8546,12,6,2,2,5,11,0,4,7,3,3,5,12,0,4,7,3,3,5,12,1,4,7,3,3,9,12,1,8,8,4,4,5,13,1,4
29,Llama-3.1-70B,561,2244,3141.6,3.1416,10,7,3,3,5,12,0,4,7,3,3,5,12,0,4,7,3,3,5,12,1,4,8,4,4,5,13,1,4,8,4,4,5,13,1,4
29,Llama-3.1-405B,270,2160,3024.0,3.024,9,6,2,2,5,11,0,4,7,3,3,5,12,1,4,7,3,3,5,12,1,4,8,4,4,5,13,1,4,8,4,4,5,13,1,4
29,Qwen3-30B-A3B,1205,2410,3374.0,3.374,11,7,3,3,5,12,0,4,7,3,3,5,12,0,4,7,3,3,5,12,1,4,8,4,4,5,13,1,4,8,4,4,5,13,1,4
29,Qwen3-235B-A22B,302,2416,3382.4,3.3824,9,7,3,3,5,12,0,4,7,3,3,5,12,0,4,7,3,3,5,12,1,4,8,4,4,5,13,1,4,8,4,4,5,13,1,4
30,Llama-3.1-8B,1726,1726,2416.4,2.4164,12,6,2,2,5,11,0,4,6,2,2,5,11,0,4,7,3,3,5,12,0,4,7,3,3,5,12,1,4,7,3,3,9,12,1,8
30,Llama-3.1-70B,473,1892,2648.8,2.6488,10,6,2,2,5,11,0,4,7,3,3,5,12,0,4,7,3,3,5,12,0,4,7,3,3,10,12,1,9,7,3,3,9,12,1,8
30,Llama-3.1-405B,229,1832,2564.8,2.5648,9,6,2,2,5,11,0,4,6,2,2,5,11,0,4,7,3,3,5,12,0,4,7,3,3,5,12,1,4,7,3,3,9,12,1,8
30,Qwen3-30B-A3B,1017,2034,2847.6,2.8476,11,6,2,2,5,11,0,4,6,2,2,5,11,0,4,7,3,3,5,12,0,4,7,3,3,8,12,1,7,7,3,3,9,12,1,8
30,Qwen3-235B-A22B,253,2024,2833.6,2.8336,9,6,2,2,5,11,0,4,7,3,3,5,12,0,4,7,3,3,5,12,0,4,7,3,3,5,12,1,4,7,3,3,9,12,1,8
300,Llama-3.1-8B,1559,1559,2182.6,2.1826,12,8,4,4,5,13,0,4,8,4,4,5,13,0,4,9,5,5,5,14,-3,4,9,5,5,5,14,1,4,9,5,5,5,14,-1,4
300,Llama-3.1-70B,463,1852,2592.8,2.5928,10,8,4,4,5,13,0,4,9,5,5,5,14,-4,4,9,5,5,5,14,-3,4,9,5,5,5,14,-1,4,10,6,6,5,15,1,4
300,Llama-3.1-405B,208,1664,2329.6,2.3296,9,8,4,4,5,13,0,4,8,4,4,5,13,0,4,9,5,5,5,14,0,4,9,5,5,5,14,1,4,9,5,5,5,14,-1,4
300,Qwen3-30B-A3B,1007,2014,2819.6,2.8196,11,8,4,4,5,13,0,4,9,5,5,5,14,-3,4,9,5,5,5,14,1,4,9,5,5,5,14,-1,4,10,6,6,5,15,1,4
300,Qwen3-235B-A22B,242,1936,2710.4,2.7104,9,8,4,4,5,13,0,4,9,5,5,5,14,-2,4,9,5,5,5,14,1,4,9,5,5,5,14,-1,4,10,6,6,5,15,1,4
35,Llama-3.1-8B,2235,2235,3129.0,3.129,12,6,2,2,5,11,0,4,7,3,3,5,12,1,4,7,3,3,5,12,1,4,8,4,4,5,13,1,4,8,4,4,5,13,1,4
35,Llama-3.1-70B,612,2448,3427.2,3.4272,10,7,3,3,5,12,0,4,7,3,3,5,12,1,4,7,3,3,5,12,1,4,8,4,4,5,13,1,4,8,4,4,5,13,1,4
35,Llama-3.1-405B,298,2384,3337.6,3.3376,9,7,3,3,5,12,0,4,7,3,3,5,12,1,4,7,3,3,5,12,1,4,8,4,4,5,13,1,4,8,4,4,5,13,1,4
35,Qwen3-30B-A3B,1317,2634,3687.6,3.6875999999999998,11,7,3,3,5,12,1,4,7,3,3,5,12,1,4,7,3,3,5,12,1,4,8,4,4,5,13,1,4,8,4,4,5,13,1,4
35,Qwen3-235B-A22B,330,2640,3696.0,3.696,9,7,3,3,5,12,1,4,7,3,3,5,12,1,4,7,3,3,5,12,1,4,8,4,4,5,13,1,4,8,4,4,5,13,1,4
40,Llama-3.1-8B,1750,1750,2450.0,2.45,12,6,2,2,5,11,0,4,7,3,3,5,12,0,4,7,3,3,5,12,0,4,7,3,3,5,12,1,4,7,3,3,5,12,1,4
40,Llama-3.1-70B,540,2160,3024.0,3.024,10,6,2,2,5,11,0,4,7,3,3,5,12,1,4,7,3,3,5,12,1,4,8,4,4,5,13,1,4,8,4,4,5,13,1,4
40,Llama-3.1-405B,263,2104,2945.6,2.9455999999999998,9,6,2,2,5,11,0,4,7,3,3,5,12,0,4,7,3,3,5,12,1,4,7,3,3,5,12,1,4,8,4,4,5,13,1,4
40,Qwen3-30B-A3B,1174,2348,3287.2,3.2872,11,7,3,3,5,12,0,4,7,3,3,5,12,1,4,7,3,3,5,12,1,4,8,4,4,5,13,1,4,8,4,4,5,13,1,4
40,Qwen3-235B-A22B,256,2048,2867.2,2.8672,9,6,2,2,5,11,0,4,7,3,3,5,12,0,4,7,3,3,5,12,0,4,7,3,3,5,12,1,4,7,3,3,5,12,1,4
42,Llama-3.1-8B,1582,1582,2214.8,2.2148000000000003,12,6,2,2,5,11,0,4,6,2,2,5,11,0,4,6,2,2,5,11,1,4,7,3,3,5,12,0,4,7,3,3,5,12,1,4
42,Llama-3.1-70B,432,1728,2419.2,2.4192,10,6,2,2,5,11,0,4,6,2,2,5,11,0,4,7,3,3,5,12,0,4,7,3,3,5,12,0,4,7,3,3,5,12,1,4
42,Llama-3.1-405B,208,1664,2329.6,2.3296,9,6,2,2,5,11,0,4,6,2,2,5,11,0,4,7,3,3,5,12,0,4,7,3,3,5,12,0,4,7,3,3,5,12,1,4
42,Qwen3-30B-A3B,926,1852,2592.8,2.5928,11,6,2,2,5,11,0,4,7,3,3,5,12,0,4,7,3,3,5,12,0,4,7,3,3,5,12,0,4,7,3,3,5,12,1,4
42,Qwen3-235B-A22B,232,1856,2598.4,2.5984000000000003,9,6,2,2,5,11,0,4,7,3,3,5,12,0,4,7,3,3,5,12,0,4,7,3,3,5,12,0,4,7,3,3,5,12,1,4
44,Llama-3.1-8B,1485,1485,2079.0,2.079,12,6,2,2,5,11,0,4,6,2,2,5,11,0,4,7,3,3,5,12,0,4,7,3,3,5,12,0,4,7,3,3,5,12,0,4
44,Llama-3.1-70B,404,1616,2262.4,2.2624,10,6,2,2,5,11,0,4,6,2,2,5,11,0,4,7,3,3,5,12,0,4,7,3,3,5,12,0,4,7,3,3,5,12,0,4
44,Llama-3.1-405B,198,1584,2217.6,2.2176,9,6,2,2,5,11,0,4,6,2,2,5,11,0,4,6,2,2,5,11,0,4,7,3,3,5,12,0,4,7,3,3,5,12,0,4
44,Qwen3-30B-A3B,868,1736,2430.4,2.4304,11,6,2,2,5,11,0,4,6,2,2,5,11,0,4,7,3,3,5,12,0,4,7,3,3,5,12,0,4,7,3,3,5,12,0,4
44,Qwen3-235B-A22B,219,1752,2452.8,2.4528000000000003,9,6,2,2,5,11,0,4,7,3,3,5,12,0,4,7,3,3,5,12,0,4,7,3,3,5,12,0,4,7,3,3,5,12,0,4
450,Llama-3.1-8B,1680,1680,2352.0,2.352,12,8,4,4,5,13,0,4,8,4,4,5,13,0,4,9,5,5,5,14,1,4,9,5,5,5,14,-2,4,10,6,6,5,15,1,4
450,Llama-3.1-70B,473,1892,2648.8,2.6488,10,8,4,4,5,13,0,4,9,5,5,5,14,-3,4,9,5,5,5,14,1,4,9,5,5,5,14,-1,4,10,6,6,5,15,1,4
450,Llama-3.1-405B,208,1664,2329.6,2.3296,9,8,4,4,5,13,0,4,8,4,4,5,13,0,4,9,5,5,5,14,0,4,9,5,5,5,14,1,4,9,5,5,5,14,-1,4
450,Qwen3-30B-A3B,1007,2014,2819.6,2.8196,11,8,4,4,5,13,0,4,9,5,5,5,14,-3,4,9,5,5,5,14,1,4,9,5,5,5,14,0,4,10,6,6,5,15,1,4
450,Qwen3-235B-A22B,253,2024,2833.6,2.8336,9,8,4,4,5,13,-2,4,9,5,5,5,14,-3,4,9,5,5,5,14,1,4,9,5,5,5,14,-1,4,10,6,6,5,15,1,4
47,Llama-3.1-8B,1380,1380,1932.0,1.932,12,6,2,2,5,11,0,4,6,2,2,5,11,0,4,6,2,2,5,11,0,4,7,3,3,5,12,0,4,7,3,3,5,12,0,4
47,Llama-3.1-70B,376,1504,2105.6,2.1056,10,6,2,2,5,11,0,4,6,2,2,5,11,0,4,7,3,3,5,12,0,4,7,3,3,5,12,0,4,7,3,3,5,12,0,4
47,Llama-3.1-405B,184,1472,2060.8,2.0608,9,6,2,2,5,11,0,4,6,2,2,5,11,0,4,6,2,2,5,11,0,4,7,3,3,5,12,0,4,7,3,3,5,12,0,4
47,Qwen3-30B-A3B,815,1630,2282.0,2.282,11,6,2,2,5,11,0,4,6,2,2,5,11,0,4,7,3,3,5,12,0,4,7,3,3,5,12,0,4,7,3,3,5,12,0,4
47,Qwen3-235B-A22B,205,1640,2296.0,2.296,9,6,2,2,5,11,0,4,6,2,2,5,11,0,4,7,3,3,5,12,0,4,7,3,3,5,12,0,4,7,3,3,5,12,0,4
48,Llama-3.1-8B,1370,1370,1918.0,1.918,12,6,2,2,5,11,0,4,6,2,2,5,11,0,4,7,3,3,5,12,0,4,7,3,3,5,12,0,4,7,3,3,5,12,0,4
48,Llama-3.1-70B,376,1504,2105.6,2.1056,10,6,2,2,5,11,0,4,6,2,2,5,11,0,4,7,3,3,5,12,0,4,7,3,3,5,12,0,4,7,3,3,5,12,0,4
48,Llama-3.1-405B,184,1472,2060.8,2.0608,9,6,2,2,5,11,0,4,6,2,2,5,11,0,4,6,2,2,5,11,0,4,7,3,3,5,12,0,4,7,3,3,5,12,0,4
48,Qwen3-30B-A3B,808,1616,2262.4,2.2624,11,6,2,2,5,11,0,4,6,2,2,5,11,0,4,7,3,3,5,12,0,4,7,3,3,5,12,0,4,7,3,3,5,12,0,4
48,Qwen3-235B-A22B,201,1608,2251.2,2.2512,9,6,2,2,5,11,0,4,6,2,2,5,11,0,4,6,2,2,5,11,0,4,7,3,3,5,12,0,4,7,3,3,5,12,0,4
49,Llama-3.1-8B,1318,1318,1845.2,1.8452,12,6,2,2,5,11,0,4,6,2,2,5,11,0,4,6,2,2,5,11,0,4,7,3,3,5,12,0,4,7,3,3,5,12,0,4
49,Llama-3.1-70B,359,1436,2010.4,2.0104,10,6,2,2,5,11,0,4,6,2,2,5,11,0,4,6,2,2,5,11,0,4,7,3,3,5,12,0,4,7,3,3,5,12,0,4
49,Llama-3.1-405B,177,1416,1982.4,1.9824000000000002,9,6,2,2,5,11,0,4,6,2,2,5,11,0,4,6,2,2,5,11,0,4,7,3,3,5,12,0,4,7,3,3,5,12,0,4
49,Qwen3-30B-A3B,780,1560,2184.0,2.184,11,6,2,2,5,11,0,4,6,2,2,5,11,0,4,7,3,3,5,12,0,4,7,3,3,5,12,0,4,7,3,3,5,12,0,4
49,Qwen3-235B-A22B,194,1552,2172.8,2.1728,9,6,2,2,5,11,0,4,7,3,3,5,12,0,4,7,3,3,5,12,0,4,7,3,3,5,12,0,4,7,3,3,5,12,0,4
50,Llama-3.1-8B,1269,1269,1776.6,1.7766,12,6,2,2,5,11,0,4,6,2,2,5,11,0,4,6,2,2,5,11,0,4,7,3,3,5,12,0,4,7,3,3,5,12,0,4
50,Llama-3.1-70B,348,1392,1948.8,1.9487999999999999,10,6,2,2,5,11,0,4,6,2,2,5,11,0,4,7,3,3,5,12,0,4,7,3,3,5,12,0,4,7,3,3,5,12,0,4
50,Llama-3.1-405B,166,1328,1859.2,1.8592,9,6,2,2,5,11,0,4,6,2,2,5,11,0,4,6,2,2,5,11,0,4,7,3,3,5,12,0,4,7,3,3,5,12,0,4
50,Qwen3-30B-A3B,742,1484,2077.6,2.0776,11,6,2,2,5,11,0,4,6,2,2,5,11,0,4,7,3,3,5,12,0,4,7,3,3,5,12,0,4,7,3,3,5,12,0,4
50,Qwen3-235B-A22B,184,1472,2060.8,2.0608,9,6,2,2,5,11,0,4,6,2,2,5,11,0,4,6,2,2,5,11,0,4,7,3,3,5,12,0,4,7,3,3,5,12,0,4
51,Llama-3.1-8B,1178,1178,1649.2,1.6492,12,6,2,2,5,11,0,4,6,2,2,5,11,0,4,6,2,2,5,11,0,4,7,3,3,5,12,0,4,7,3,3,5,12,0,4
51,Llama-3.1-70B,327,1308,1831.2,1.8312,10,6,2,2,5,11,0,4,6,2,2,5,11,0,4,6,2,2,5,11,0,4,7,3,3,5,12,0,4,7,3,3,5,12,0,4
51,Llama-3.1-405B,159,1272,1780.8,1.7808,9,6,2,2,5,11,0,4,6,2,2,5,11,0,4,6,2,2,5,11,0,4,7,3,3,5,12,0,4,7,3,3,5,12,0,4
51,Qwen3-30B-A3B,707,1414,1979.6,1.9795999999999998,11,6,2,2,5,11,0,4,6,2,2,5,11,0,4,6,2,2,5,11,0,4,7,3,3,5,12,0,4,7,3,3,5,12,0,4
51,Qwen3-235B-A22B,177,1416,1982.4,1.9824000000000002,9,6,2,2,5,11,0,4,6,2,2,5,11,0,4,6,2,2,5,11,0,4,7,3,3,5,12,0,4,7,3,3,5,12,0,4
52,Llama-3.1-8B,3545,3545,4963.0,4.963,12,8,4,4,5,13,1,4,8,4,4,5,13,1,4,9,5,5,5,14,1,4,10,6,6,5,15,0,4,10,6,6,5,15,-7,4
52,Llama-3.1-70B,971,3884,5437.6,5.437600000000001,10,8,4,4,5,13,1,4,8,4,4,5,13,1,4,9,5,5,5,14,1,4,10,6,6,5,15,1,4,10,6,6,5,15,-7,4
52,Llama-3.1-405B,471,3768,5275.2,5.2752,9,8,4,4,5,13,1,4,8,4,4,5,13,1,4,9,5,5,5,14,1,4,10,6,6,5,15,-7,4,10,6,6,5,15,-7,4
52,Qwen3-30B-A3B,2075,4150,5810.0,5.81,11,8,4,4,5,13,1,4,9,5,5,5,14,1,4,9,5,5,5,14,1,4,10,6,6,5,15,1,4,10,6,6,5,15,-7,4
52,Qwen3-235B-A22B,520,4160,5824.0,5.824,9,8,4,4,5,13,1,4,9,5,5,5,14,1,4,9,5,5,5,14,-7,4,10,6,6,5,15,-8,4,10,6,6,5,15,-7,4
53,Llama-3.1-8B,3116,3116,4362.4,4.3624,12,8,4,4,5,13,1,4,8,4,4,5,13,1,4,9,5,5,5,14,1,4,10,6,6,5,15,1,4,10,6,6,5,15,-7,4
53,Llama-3.1-70B,853,3412,4776.8,4.776800000000001,10,8,4,4,5,13,1,4,9,5,5,5,14,1,4,9,5,5,5,14,1,4,10,6,6,5,15,-7,4,10,6,6,5,15,-7,4
53,Llama-3.1-405B,416,3328,4659.2,4.6592,9,8,4,4,5,13,1,4,9,5,5,5,14,1,4,9,5,5,5,14,1,4,10,6,6,5,15,1,4,10,6,6,5,15,-7,4
53,Qwen3-30B-A3B,1825,3650,5110.0,5.11,11,8,4,4,5,13,1,4,9,5,5,5,14,1,4,9,5,5,5,14,1,4,10,6,6,5,15,-6,4,10,6,6,5,15,-7,4
53,Qwen3-235B-A22B,457,3656,5118.4,5.118399999999999,9,8,4,4,5,13,1,4,9,5,5,5,14,1,4,9,5,5,5,14,1,4,10,6,6,5,15,-6,4,10,6,6,5,15,-7,4
54,Llama-3.1-8B,2900,2900,4060.0,4.06,12,8,4,4,5,13,1,4,8,4,4,5,13,1,4,9,5,5,5,14,1,4,9,5,5,5,14,-7,4,10,6,6,1,15,-7,0
54,Llama-3.1-70B,790,3160,4424.0,4.424,10,8,4,4,5,13,1,4,9,5,5,5,14,1,4,9,5,5,5,14,-4,4,10,6,6,5,15,-8,4,10,6,6,1,15,-7,0
54,Llama-3.1-405B,385,3080,4312.0,4.312,9,8,4,4,5,13,1,4,9,5,5,5,14,1,4,9,5,5,5,14,1,4,9,5,5,5,14,-7,4,10,6,6,1,15,-7,0
54,Qwen3-30B-A3B,1704,3408,4771.2,4.771199999999999,11,8,4,4,5,13,1,4,9,5,5,5,14,1,4,9,5,5,5,14,1,4,10,6,6,5,15,1,4,10,6,6,2,15,-7,1
54,Qwen3-235B-A22B,423,3384,4737.6,4.7376000000000005,9,8,4,4,5,13,1,4,9,5,5,5,14,1,4,9,5,5,5,14,-8,4,10,6,6,5,15,-6,4,10,6,6,1,15,-7,0
55,Llama-3.1-8B,2844,2844,3981.6,3.9816,12,8,4,4,5,13,1,4,9,5,5,5,14,1,4,9,5,5,5,14,-8,4,10,6,6,0,15,-9,-1,10,6,6,1,15,-7,0
55,Llama-3.1-70B,779,3116,4362.4,4.3624,10,8,4,4,5,13,1,4,9,5,5,5,14,1,4,9,5,5,5,14,1,4,10,6,6,5,15,1,4,10,6,6,1,15,-7,0
55,Llama-3.1-405B,378,3024,4233.6,4.2336,9,8,4,4,5,13,1,4,8,4,4,5,13,1,4,9,5,5,5,14,1,4,9,5,5,5,14,-7,4,10,6,6,1,15,-7,0
55,Qwen3-30B-A3B,1672,3344,4681.6,4.6816,11,8,4,4,5,13,1,4,9,5,5,5,14,1,4,9,5,5,5,14,1,4,9,5,5,5,14,-7,4,10,6,6,1,15,-7,0
55,Qwen3-235B-A22B,420,3360,4704.0,4.704,9,8,4,4,5,13,1,4,9,5,5,5,14,1,4,9,5,5,5,14,-5,4,10,6,6,5,15,-2,4,10,6,6,1,15,-7,0
56,Llama-3.1-8B,2788,2788,3903.2,3.9032,12,8,4,4,5,13,1,4,8,4,4,5,13,1,4,9,5,5,5,14,1,4,9,5,5,5,14,-7,4,10,6,6,1,15,-7,0
56,Llama-3.1-70B,765,3060,4284.0,4.284,10,8,4,4,5,13,1,4,9,5,5,5,14,1,4,9,5,5,5,14,1,4,10,6,6,5,15,1,4,10,6,6,1,15,-7,0
56,Llama-3.1-405B,371,2968,4155.2,4.1552,9,8,4,4,5,13,1,4,8,4,4,5,13,1,4,9,5,5,5,14,1,4,9,5,5,5,14,-7,4,10,6,6,1,15,-7,0
56,Qwen3-30B-A3B,1644,3288,4603.2,4.6032,11,8,4,4,5,13,1,4,9,5,5,5,14,1,4,9,5,5,5,14,-8,4,10,6,6,3,15,-4,2,10,6,6,1,15,-7,0
56,Qwen3-235B-A22B,413,3304,4625.6,4.6256,9,8,4,4,5,13,1,4,9,5,5,5,14,1,4,9,5,5,5,14,1,4,10,6,6,5,15,1,4,10,6,6,1,15,-7,0
57,Llama-3.1-8B,2474,2474,3463.6,3.4636,12,8,4,4,5,13,1,4,9,5,5,5,14,1,4,9,5,5,5,14,-7,4,10,6,6,1,15,-8,0,10,6,6,1,15,-7,0
57,Llama-3.1-70B,678,2712,3796.8,3.7968,10,8,4,4,5,13,0,4,9,5,5,5,14,1,4,9,5,5,5,14,-8,4,10,6,6,5,15,-6,4,10,6,6,1,15,-7,0
57,Llama-3.1-405B,330,2640,3696.0,3.696,9,8,4,4,5,13,1,4,8,4,4,5,13,1,4,9,5,5,5,14,1,4,10,6,6,5,15,0,4,10,6,6,1,15,-7,0
57,Qwen3-30B-A3B,1456,2912,4076.8,4.0768,11,8,4,4,5,13,1,4,9,5,5,5,14,1,4,9,5,5,5,14,-2,4,10,6,6,5,15,1,4,10,6,6,1,15,-7,0
57,Qwen3-235B-A22B,364,2912,4076.8,4.0768,9,8,4,4,5,13,1,4,9,5,5,5,14,1,4,9,5,5,5,14,-1,4,10,6,6,5,15,1,4,10,6,6,1,15,-7,0
60,Llama-3.1-8B,1798,1798,2517.2,2.5172,12,8,4,4,5,13,0,4,8,4,4,5,13,-7,4,9,5,5,5,14,-7,4,9,5,5,5,14,-7,4,10,6,6,5,15,1,4
60,Llama-3.1-70B,505,2020,2828.0,2.828,10,8,4,4,5,13,0,4,8,4,4,5,13,-6,4,9,5,5,5,14,1,4,9,5,5,5,14,-6,4,10,6,6,5,15,1,4
60,Llama-3.1-405B,242,1936,2710.4,2.7104,9,8,4,4,5,13,0,4,8,4,4,5,13,0,4,8,4,4,5,13,1,4,9,5,5,5,14,-6,4,10,6,6,5,15,1,4
60,Qwen3-30B-A3B,1091,2182,3054.8,3.0548,11,8,4,4,5,13,0,4,9,5,5,5,14,1,4,9,5,5,5,14,1,4,10,6,6,5,15,1,4,10,6,6,5,15,1,4
60,Qwen3-235B-A22B,270,2160,3024.0,3.024,9,8,4,4,5,13,0,4,9,5,5,5,14,1,4,9,5,5,5,14,1,4,9,5,5,5,14,-6,4,10,6,6,5,15,1,4
61,Llama-3.1-8B,1680,1680,2352.0,2.352,12,8,4,4,5,13,0,4,8,4,4,5,13,0,4,8,4,4,5,13,-6,4,9,5,5,5,14,-7,4,9,5,5,5,14,1,4
61,Llama-3.1-70B,459,1836,2570.4,2.5704000000000002,10,8,4,4,5,13,0,4,8,4,4,5,13,-7,4,9,5,5,5,14,-7,4,9,5,5,5,14,1,4,9,5,5,5,14,1,4
61,Llama-3.1-405B,222,1776,2486.4,2.4864,9,8,4,4,5,13,0,4,8,4,4,5,13,-7,4,9,5,5,5,14,-7,4,9,5,5,5,14,-6,4,9,5,5,5,14,1,4
61,Qwen3-30B-A3B,996,1992,2788.8,2.7888,11,8,4,4,5,13,0,4,8,4,4,5,13,-1,4,9,5,5,5,14,-2,4,9,5,5,5,14,-6,4,9,5,5,5,14,1,4
61,Qwen3-235B-A22B,246,1968,2755.2,2.7552,9,8,4,4,5,13,0,4,8,4,4,5,13,-6,4,9,5,5,5,14,1,4,9,5,5,5,14,-6,4,9,5,5,5,14,1,4
62,Llama-3.1-8B,1510,1510,2114.0,2.114,12,7,3,3,5,12,0,4,8,4,4,5,13,0,4,8,4,4,5,13,-3,4,9,5,5,5,14,-7,4,9,5,5,5,14,-7,4
62,Llama-3.1-70B,415,1660,2324.0,2.324,10,7,3,3,5,12,0,4,8,4,4,5,13,0,4,9,5,5,5,14,1,4,9,5,5,5,14,-5,4,9,5,5,5,14,-7,4
62,Llama-3.1-405B,201,1608,2251.2,2.2512,9,8,4,4,5,13,0,4,8,4,4,5,13,0,4,8,4,4,5,13,0,4,9,5,5,5,14,0,4,9,5,5,5,14,-7,4
62,Qwen3-30B-A3B,885,1770,2478.0,2.478,11,8,4,4,5,13,0,4,8,4,4,5,13,-1,4,9,5,5,5,14,1,4,9,5,5,5,14,-3,4,9,5,5,5,14,-7,4
62,Qwen3-235B-A22B,222,1776,2486.4,2.4864,9,8,4,4,5,13,0,4,8,4,4,5,13,-1,4,9,5,5,5,14,1,4,9,5,5,5,14,-3,4,9,5,5,5,14,-7,4
63,Llama-3.1-8B,1391,1391,1947.4,1.9474,12,7,3,3,5,12,0,4,8,4,4,5,13,0,4,8,4,4,5,13,-7,4,9,5,5,5,14,1,4,9,5,5,5,14,-5,4
63,Llama-3.1-70B,383,1532,2144.8,2.1448,10,7,3,3,5,12,0,4,8,4,4,5,13,0,4,8,4,4,5,13,-7,4,9,5,5,5,14,1,4,9,5,5,5,14,-7,4
63,Llama-3.1-405B,187,1496,2094.4,2.0944000000000003,9,7,3,3,5,12,0,4,8,4,4,5,13,0,4,8,4,4,5,13,-7,4,9,5,5,5,14,1,4,9,5,5,5,14,-7,4
63,Qwen3-30B-A3B,822,1644,2301.6,2.3016,11,8,4,4,5,13,0,4,8,4,4,5,13,-7,4,9,5,5,5,14,1,4,9,5,5,5,14,-1,4,9,5,5,5,14,-7,4
63,Qwen3-235B-A22B,205,1640,2296.0,2.296,9,8,4,4,5,13,0,4,8,4,4,5,13,-6,4,8,4,4,5,13,-7,4,9,5,5,5,14,1,4,9,5,5,5,14,-7,4
64,Llama-3.1-8B,1053,1053,1474.2,1.4742,12,7,3,3,5,12,0,4,7,3,3,5,12,0,4,8,4,4,5,13,0,4,8,4,4,5,13,-7,4,8,4,4,5,13,-7,4
64,Llama-3.1-70B,285,1140,1596.0,1.596,10,7,3,3,5,12,0,4,7,3,3,5,12,0,4,7,3,3,5,12,0,4,8,4,4,5,13,-2,4,8,4,4,5,13,-7,4
64,Llama-3.1-405B,138,1104,1545.6,1.5455999999999999,9,7,3,3,5,12,0,4,7,3,3,5,12,0,4,7,3,3,5,12,0,4,8,4,4,5,13,-5,4,8,4,4,5,13,-7,4
64,Qwen3-30B-A3B,624,1248,1747.2,1.7472,11,7,3,3,5,12,0,4,7,3,3,5,12,0,4,7,3,3,5,12,0,4,8,4,4,5,13,0,4,8,4,4,5,13,-7,4
64,Qwen3-235B-A22B,156,1248,1747.2,1.7472,9,7,3,3,5,12,0,4,7,3,3,5,12,0,4,7,3,3,5,12,0,4,8,4,4,5,13,-1,4,8,4,4,5,13,-7,4
65,Llama-3.1-8B,862,862,1206.8,1.2067999999999999,12,6,2,2,5,11,0,4,7,3,3,5,12,0,4,7,3,3,5,12,0,4,7,3,3,5,12,0,4,8,4,4,5,13,0,4
65,Llama-3.1-70B,240,960,1344.0,1.344,10,7,3,3,5,12,0,4,7,3,3,5,12,0,4,8,4,4,5,13,0,4,8,4,4,5,13,0,4,8,4,4,5,13,0,4
65,Llama-3.1-405B,115,920,1288.0,1.288,9,7,3,3,5,12,0,4,7,3,3,5,12,0,4,7,3,3,5,12,0,4,8,4,4,5,13,0,4,8,4,4,5,13,0,4
65,Qwen3-30B-A3B,526,1052,1472.8,1.4727999999999999,11,7,3,3,5,12,0,4,7,3,3,5,12,0,4,7,3,3,5,12,0,4,8,4,4,5,13,0,4,8,4,4,5,13,0,4
65,Qwen3-235B-A22B,131,1048,1467.2,1.4672,9,6,2,2,5,11,0,4,7,3,3,5,12,0,4,7,3,3,5,12,0,4,8,4,4,5,13,0,4,8,4,4,5,13,0,4
66,Llama-3.1-8B,687,687,961.8,0.9618,12,6,2,2,5,11,0,4,6,2,2,5,11,0,4,6,2,2,5,11,0,4,7,3,3,5,12,0,4,7,3,3,5,12,0,4
66,Llama-3.1-70B,192,768,1075.2,1.0752000000000002,10,6,2,2,5,11,0,4,6,2,2,5,11,0,4,7,3,3,5,12,0,4,7,3,3,5,12,0,4,7,3,3,5,12,0,4
66,Llama-3.1-405B,90,720,1008.0,1.008,9,6,2,2,5,11,0,4,6,2,2,5,11,0,4,6,2,2,5,11,0,4,7,3,3,5,12,0,4,7,3,3,5,12,0,4
66,Qwen3-30B-A3B,408,816,1142.4,1.1424,11,6,2,2,5,11,0,4,6,2,2,5,11,0,4,7,3,3,5,12,0,4,7,3,3,5,12,0,4,7,3,3,5,12,0,4
66,Qwen3-235B-A22B,101,808,1131.2,1.1312,9,6,2,2,5,11,0,4,6,2,2,5,11,0,4,7,3,3,5,12,0,4,7,3,3,5,12,0,4,7,3,3,5,12,0,4
67,Llama-3.1-8B,1792,1792,2508.8,2.5088000000000004,12,8,4,4,5,13,0,4,9,5,5,5,14,-7,4,9,5,5,5,14,-7,4,9,5,5,5,14,-5,4,10,6,6,5,15,1,4
67,Llama-3.1-70B,498,1992,2788.8,2.7888,10,8,4,4,5,13,0,4,9,5,5,5,14,1,4,9,5,5,5,14,1,4,9,5,5,5,14,-3,4,10,6,6,5,15,1,4
67,Llama-3.1-405B,222,1776,2486.4,2.4864,9,8,4,4,5,13,0,4,8,4,4,5,13,-3,4,9,5,5,5,14,-6,4,9,5,5,5,14,1,4,9,5,5,5,14,-5,4
67,Qwen3-30B-A3B,1066,2132,2984.8,2.9848000000000003,11,9,5,5,5,14,-7,4,9,5,5,5,14,-3,4,9,5,5,5,14,-5,4,9,5,5,5,14,-5,4,10,6,6,5,15,1,4
67,Qwen3-235B-A22B,267,2136,2990.4,2.9904,9,9,5,5,5,14,-7,4,9,5,5,5,14,-3,4,9,5,5,5,14,-6,4,9,5,5,5,14,-5,4,10,6,6,5,15,1,4
7,Llama-3.1-8B,7138,7138,9993.2,9.9932,12,8,4,4,5,13,1,4,8,4,4,5,13,1,4,8,4,4,5,13,1,4,9,5,5,5,14,1,4,9,5,5,5,14,1,4
7,Llama-3.1-70B,1781,7124,9973.6,9.973600000000001,10,8,4,4,5,13,1,4,8,4,4,5,13,1,4,8,4,4,5,13,1,4,9,5,5,5,14,1,4,9,5,5,5,14,1,4
7,Llama-3.1-405B,888,7104,9945.6,9.9456,9,7,3,3,5,12,1,4,8,4,4,5,13,1,4,8,4,4,5,13,1,4,9,5,5,5,14,1,4,9,5,5,5,14,1,4
7,Qwen3-30B-A3B,3567,7134,9987.6,9.9876,11,7,3,3,5,12,1,4,8,4,4,5,13,1,4,8,4,4,5,13,1,4,8,4,4,5,13,1,4,9,5,5,5,14,1,4
7,Qwen3-235B-A22B,888,7104,9945.6,9.9456,9,7,3,3,5,12,1,4,8,4,4,5,13,1,4,8,4,4,5,13,1,4,8,4,4,5,13,1,4,9,5,5,5,14,1,4
72,Llama-3.1-8B,1775,1775,2485.0,2.485,12,8,4,4,5,13,0,4,9,5,5,5,14,-6,4,9,5,5,5,14,1,4,9,5,5,5,14,-4,4,10,6,6,5,15,1,4
72,Llama-3.1-70B,487,1948,2727.2,2.7272,10,8,4,4,5,13,0,4,9,5,5,5,14,-1,4,9,5,5,5,14,1,4,9,5,5,5,14,-4,4,10,6,6,5,15,1,4
72,Llama-3.1-405B,239,1912,2676.8,2.6768,9,8,4,4,5,13,0,4,9,5,5,5,14,-6,4,9,5,5,5,14,-1,4,9,5,5,5,14,-5,4,10,6,6,5,15,1,4
72,Qwen3-30B-A3B,1056,2112,2956.8,2.9568000000000003,11,9,5,5,5,14,-7,4,9,5,5,5,14,-7,4,9,5,5,5,14,1,4,9,5,5,5,14,-5,4,10,6,6,5,15,1,4
72,Qwen3-235B-A22B,267,2136,2990.4,2.9904,9,9,5,5,5,14,-6,4,9,5,5,5,14,-1,4,9,5,5,5,14,-5,4,9,5,5,5,14,-4,4,10,6,6,5,15,1,4
76,Llama-3.1-8B,1775,1775,2485.0,2.485,12,8,4,4,5,13,0,4,9,5,5,5,14,-5,4,9,5,5,5,14,1,4,9,5,5,5,14,-4,4,10,6,6,5,15,1,4
76,Llama-3.1-70B,487,1948,2727.2,2.7272,10,8,4,4,5,13,0,4,9,5,5,5,14,1,4,9,5,5,5,14,1,4,9,5,5,5,14,-4,4,10,6,6,5,15,1,4
76,Llama-3.1-405B,222,1776,2486.4,2.4864,9,8,4,4,5,13,0,4,9,5,5,5,14,-6,4,9,5,5,5,14,-3,4,9,5,5,5,14,1,4,9,5,5,5,14,-4,4
76,Qwen3-30B-A3B,1045,2090,2926.0,2.926,11,9,5,5,5,14,-6,4,9,5,5,5,14,-2,4,9,5,5,5,14,1,4,9,5,5,5,14,-4,4,10,6,6,5,15,1,4
76,Qwen3-235B-A22B,263,2104,2945.6,2.9455999999999998,9,9,5,5,5,14,-6,4,9,5,5,5,14,1,4,9,5,5,5,14,1,4,9,5,5,5,14,-4,4,10,6,6,5,15,1,4
77,Llama-3.1-8B,1775,1775,2485.0,2.485,12,8,4,4,5,13,0,4,9,5,5,5,14,-4,4,9,5,5,5,14,1,4,9,5,5,5,14,-4,4,10,6,6,5,15,1,4
77,Llama-3.1-70B,484,1936,2710.4,2.7104,10,8,4,4,5,13,0,4,9,5,5,5,14,0,4,9,5,5,5,14,1,4,9,5,5,5,14,-3,4,10,6,6,5,15,1,4
77,Llama-3.1-405B,222,1776,2486.4,2.4864,9,8,4,4,5,13,0,4,9,5,5,5,14,-6,4,9,5,5,5,14,-1,4,9,5,5,5,14,1,4,10,6,6,5,15,1,4
77,Qwen3-30B-A3B,1042,2084,2917.6,2.9175999999999997,11,9,5,5,5,14,-6,4,9,5,5,5,14,1,4,9,5,5,5,14,1,4,9,5,5,5,14,-4,4,10,6,6,5,15,1,4
77,Qwen3-235B-A22B,260,2080,2912.0,2.912,9,9,5,5,5,14,-4,4,9,5,5,5,14,-3,4,9,5,5,5,14,1,4,9,5,5,5,14,-4,4,10,6,6,5,15,1,4
78,Llama-3.1-8B,1757,1757,2459.8,2.4598,12,8,4,4,5,13,0,4,9,5,5,5,14,1,4,9,5,5,5,14,1,4,9,5,5,5,14,1,4,10,6,6,5,15,1,4
78,Llama-3.1-70B,446,1784,2497.6,2.4976,10,8,4,4,5,13,0,4,9,5,5,5,14,-6,4,9,5,5,5,14,-6,4,9,5,5,5,14,-5,4,9,5,5,5,14,-4,4
78,Llama-3.1-405B,215,1720,2408.0,2.408,9,8,4,4,5,13,0,4,9,5,5,5,14,-2,4,9,5,5,5,14,1,4,9,5,5,5,14,1,4,9,5,5,5,14,-4,4
78,Qwen3-30B-A3B,1042,2084,2917.6,2.9175999999999997,11,9,5,5,5,14,-6,4,9,5,5,5,14,1,4,9,5,5,5,14,1,4,9,5,5,5,14,-4,4,10,6,6,5,15,1,4
78,Qwen3-235B-A22B,260,2080,2912.0,2.912,9,9,5,5,5,14,-3,4,9,5,5,5,14,-2,4,9,5,5,5,14,1,4,9,5,5,5,14,-4,4,10,6,6,5,15,1,4
79,Llama-3.1-8B,1750,1750,2450.0,2.45,12,8,4,4,5,13,-5,4,9,5,5,5,14,-5,4,9,5,5,5,14,-2,4,9,5,5,5,14,-3,4,10,6,6,5,15,1,4
79,Llama-3.1-70B,477,1908,2671.2,2.6712,10,9,5,5,5,14,-6,4,9,5,5,5,14,-5,4,9,5,5,5,14,1,4,9,5,5,5,14,-3,4,10,6,6,5,15,1,4
79,Llama-3.1-405B,222,1776,2486.4,2.4864,9,8,4,4,5,13,0,4,9,5,5,5,14,-5,4,9,5,5,5,14,0,4,9,5,5,5,14,1,4,10,6,6,5,15,1,4
79,Qwen3-30B-A3B,1035,2070,2898.0,2.898,11,9,5,5,5,14,-5,4,9,5,5,5,14,1,4,9,5,5,5,14,1,4,9,5,5,5,14,-3,4,10,6,6,5,15,1,4
79,Qwen3-235B-A22B,256,2048,2867.2,2.8672,9,9,5,5,5,14,-6,4,9,5,5,5,14,-5,4,9,5,5,5,14,0,4,9,5,5,5,14,-3,4,10,6,6,5,15,1,4
8,Llama-3.1-8B,7023,7023,9832.2,9.8322,12,8,4,4,5,13,1,4,9,5,5,5,14,1,4,10,6,6,5,15,1,4,10,6,6,5,15,1,4,11,7,7,5,16,1,4
8,Llama-3.1-70B,1774,7096,9934.4,9.9344,10,8,4,4,5,13,1,4,9,5,5,5,14,1,4,9,5,5,5,14,1,4,10,6,6,5,15,1,4,10,6,6,5,15,-6,4
8,Llama-3.1-405B,888,7104,9945.6,9.9456,9,8,4,4,5,13,1,4,9,5,5,5,14,1,4,9,5,5,5,14,1,4,10,6,6,5,15,-4,4,11,7,7,5,16,1,4
8,Qwen3-30B-A3B,3567,7134,9987.6,9.9876,11,8,4,4,5,13,1,4,9,5,5,5,14,1,4,9,5,5,5,14,1,4,10,6,6,5,15,1,4,10,6,6,5,15,-2,4
8,Qwen3-235B-A22B,888,7104,9945.6,9.9456,9,8,4,4,5,13,1,4,9,5,5,5,14,1,4,9,5,5,5,14,1,4,10,6,6,5,15,1,4,10,6,6,5,15,1,4
80,Llama-3.1-8B,1750,1750,2450.0,2.45,12,9,5,5,5,14,-5,4,9,5,5,5,14,-5,4,9,5,5,5,14,-3,4,9,5,5,5,14,-2,4,10,6,6,5,15,1,4
80,Llama-3.1-70B,477,1908,2671.2,2.6712,10,9,5,5,5,14,-6,4,9,5,5,5,14,-4,4,9,5,5,5,14,1,4,9,5,5,5,14,-3,4,10,6,6,5,15,1,4
80,Llama-3.1-405B,222,1776,2486.4,2.4864,9,8,4,4,5,13,-1,4,9,5,5,5,14,-5,4,9,5,5,5,14,1,4,9,5,5,5,14,1,4,10,6,6,5,15,1,4
80,Qwen3-30B-A3B,1031,2062,2886.8,2.8868,11,9,5,5,5,14,-5,4,9,5,5,5,14,1,4,9,5,5,5,14,-4,4,9,5,5,5,14,-3,4,10,6,6,5,15,1,4
80,Qwen3-235B-A22B,256,2048,2867.2,2.8672,9,9,5,5,5,14,-6,4,9,5,5,5,14,-5,4,9,5,5,5,14,1,4,9,5,5,5,14,-3,4,10,6,6,5,15,1,4
81,Llama-3.1-8B,1750,1750,2450.0,2.45,12,9,5,5,5,14,-5,4,9,5,5,5,14,-5,4,9,5,5,5,14,-3,4,10,6,6,5,15,1,4,10,6,6,5,15,1,4
81,Llama-3.1-70B,480,1920,2688.0,2.688,10,9,5,5,5,14,-5,4,9,5,5,5,14,0,4,9,5,5,5,14,-1,4,10,6,6,5,15,-2,4,10,6,6,5,15,1,4
81,Llama-3.1-405B,222,1776,2486.4,2.4864,9,8,4,4,5,13,-2,4,9,5,5,5,14,-5,4,9,5,5,5,14,1,4,9,5,5,5,14,1,4,10,6,6,5,15,1,4
81,Qwen3-30B-A3B,1031,2062,2886.8,2.8868,11,9,5,5,5,14,-5,4,9,5,5,5,14,1,4,9,5,5,5,14,-4,4,9,5,5,5,14,-2,4,10,6,6,5,15,1,4
81,Qwen3-235B-A22B,256,2048,2867.2,2.8672,9,9,5,5,5,14,-6,4,9,5,5,5,14,-5,4,9,5,5,5,14,1,4,9,5,5,5,14,-2,4,10,6,6,5,15,1,4
82,Llama-3.1-8B,1719,1719,2406.6,2.4066,12,8,4,4,5,13,-1,4,9,5,5,5,14,1,4,9,5,5,5,14,1,4,9,5,5,5,14,-2,4,10,6,6,5,15,1,4
82,Llama-3.1-70B,480,1920,2688.0,2.688,10,9,5,5,5,14,-5,4,9,5,5,5,14,1,4,9,5,5,5,14,-1,4,10,6,6,5,15,-2,4,10,6,6,5,15,1,4
82,Llama-3.1-405B,222,1776,2486.4,2.4864,9,8,4,4,5,13,-3,4,9,5,5,5,14,-4,4,9,5,5,5,14,1,4,9,5,5,5,14,1,4,10,6,6,5,15,1,4
82,Qwen3-30B-A3B,1024,2048,2867.2,2.8672,11,9,5,5,5,14,-5,4,9,5,5,5,14,-4,4,9,5,5,5,14,1,4,9,5,5,5,14,-2,4,10,6,6,5,15,1,4
82,Qwen3-235B-A22B,256,2048,2867.2,2.8672,9,9,5,5,5,14,-5,4,9,5,5,5,14,-4,4,9,5,5,5,14,1,4,9,5,5,5,14,-2,4,10,6,6,5,15,1,4
83,Llama-3.1-8B,1726,1726,2416.4,2.4164,12,9,5,5,5,14,-6,4,9,5,5,5,14,1,4,9,5,5,5,14,1,4,10,6,6,5,15,0,4,10,6,6,5,15,1,4
83,Llama-3.1-70B,473,1892,2648.8,2.6488,10,9,5,5,5,14,-5,4,9,5,5,5,14,-2,4,9,5,5,5,14,1,4,9,5,5,5,14,-2,4,10,6,6,5,15,1,4
83,Llama-3.1-405B,222,1776,2486.4,2.4864,9,8,4,4,5,13,-4,4,9,5,5,5,14,-4,4,9,5,5,5,14,1,4,9,5,5,5,14,1,4,10,6,6,5,15,1,4
83,Qwen3-30B-A3B,1024,2048,2867.2,2.8672,11,9,5,5,5,14,-5,4,9,5,5,5,14,-4,4,9,5,5,5,14,1,4,9,5,5,5,14,-1,4,10,6,6,5,15,1,4
83,Qwen3-235B-A22B,253,2024,2833.6,2.8336,9,9,5,5,5,14,-5,4,9,5,5,5,14,-4,4,9,5,5,5,14,1,4,9,5,5,5,14,-2,4,10,6,6,5,15,1,4
86,Llama-3.1-8B,1750,1750,2450.0,2.45,12,8,4,4,5,13,0,4,9,5,5,5,14,-4,4,9,5,5,5,14,-3,4,9,5,5,5,14,-2,4,10,6,6,5,15,1,4
86,Llama-3.1-70B,477,1908,2671.2,2.6712,10,8,4,4,5,13,0,4,9,5,5,5,14,-4,4,9,5,5,5,14,1,4,9,5,5,5,14,-2,4,10,6,6,5,15,1,4
86,Llama-3.1-405B,222,1776,2486.4,2.4864,9,8,4,4,5,13,0,4,9,5,5,5,14,-4,4,9,5,5,5,14,1,4,9,5,5,5,14,1,4,10,6,6,5,15,1,4
86,Qwen3-30B-A3B,1031,2062,2886.8,2.8868,11,9,5,5,5,14,-4,4,9,5,5,5,14,1,4,9,5,5,5,14,-3,4,9,5,5,5,14,-2,4,10,6,6,5,15,1,4
86,Qwen3-235B-A22B,256,2048,2867.2,2.8672,9,9,5,5,5,14,-5,4,9,5,5,5,14,-4,4,9,5,5,5,14,1,4,9,5,5,5,14,-2,4,10,6,6,5,15,1,4
87,Llama-3.1-8B,1726,1726,2416.4,2.4164,12,9,5,5,5,14,-5,4,9,5,5,5,14,0,4,9,5,5,5,14,1,4,10,6,6,5,15,-1,4,10,6,6,5,15,1,4
87,Llama-3.1-70B,473,1892,2648.8,2.6488,10,9,5,5,5,14,-5,4,9,5,5,5,14,-2,4,9,5,5,5,14,1,4,9,5,5,5,14,-1,4,10,6,6,5,15,1,4
87,Llama-3.1-405B,222,1776,2486.4,2.4864,9,8,4,4,5,13,0,4,9,5,5,5,14,-3,4,9,5,5,5,14,1,4,9,5,5,5,14,1,4,10,6,6,5,15,1,4
87,Qwen3-30B-A3B,1024,2048,2867.2,2.8672,11,9,5,5,5,14,-4,4,9,5,5,5,14,-3,4,9,5,5,5,14,1,4,9,5,5,5,14,-1,4,10,6,6,5,15,1,4
87,Qwen3-235B-A22B,253,2024,2833.6,2.8336,9,9,5,5,5,14,-4,4,9,5,5,5,14,-4,4,9,5,5,5,14,1,4,9,5,5,5,14,-1,4,10,6,6,5,15,1,4
89,Llama-3.1-8B,1726,1726,2416.4,2.4164,12,9,5,5,5,14,-4,4,9,5,5,5,14,1,4,9,5,5,5,14,1,4,10,6,6,5,15,1,4,10,6,6,5,15,1,4
89,Llama-3.1-70B,473,1892,2648.8,2.6488,10,9,5,5,5,14,-4,4,9,5,5,5,14,-1,4,9,5,5,5,14,1,4,9,5,5,5,14,-1,4,10,6,6,5,15,1,4
89,Llama-3.1-405B,208,1664,2329.6,2.3296,9,8,4,4,5,13,0,4,8,4,4,5,13,0,4,9,5,5,5,14,1,4,9,5,5,5,14,1,4,9,5,5,5,14,-1,4
89,Qwen3-30B-A3B,1017,2034,2847.6,2.8476,11,8,4,4,5,13,0,4,9,5,5,5,14,-1,4,9,5,5,5,14,1,4,9,5,5,5,14,0,4,10,6,6,5,15,1,4
89,Qwen3-235B-A22B,253,2024,2833.6,2.8336,9,9,5,5,5,14,-4,4,9,5,5,5,14,-3,4,9,5,5,5,14,1,4,9,5,5,5,14,0,4,10,6,6,5,15,1,4
91,Llama-3.1-8B,1708,1708,2391.2,2.3912,12,8,4,4,5,13,0,4,8,4,4,5,13,1,4,9,5,5,5,14,1,4,9,5,5,5,14,0,4,10,6,6,5,15,1,4
91,Llama-3.1-70B,473,1892,2648.8,2.6488,10,9,5,5,5,14,-4,4,9,5,5,5,14,0,4,9,5,5,5,14,1,4,9,5,5,5,14,0,4,10,6,6,5,15,2,4
91,Llama-3.1-405B,226,1808,2531.2,2.5311999999999997,9,8,4,4,5,13,-3,4,9,5,5,5,14,-4,4,9,5,5,5,14,-1,4,10,6,6,5,15,1,4,10,6,6,5,15,1,4
91,Qwen3-30B-A3B,1010,2020,2828.0,2.828,11,9,5,5,5,14,-3,4,9,5,5,5,14,-3,4,9,5,5,5,14,1,4,9,5,5,5,14,0,4,10,6,6,5,15,1,4
91,Qwen3-235B-A22B,253,2024,2833.6,2.8336,9,9,5,5,5,14,-3,4,9,5,5,5,14,-3,4,9,5,5,5,14,1,4,9,5,5,5,14,0,4,10,6,6,5,15,1,4
93,Llama-3.1-8B,1559,1559,2182.6,2.1826,12,8,4,4,5,13,0,4,9,5,5,5,14,-3,4,9,5,5,5,14,-2,4,9,5,5,5,14,1,4,9,5,5,5,14,1,4
93,Llama-3.1-70B,463,1852,2592.8,2.5928,10,9,5,5,5,14,-3,4,9,5,5,5,14,-2,4,9,5,5,5,14,-1,4,9,5,5,5,14,0,4,10,6,6,5,15,2,4
93,Llama-3.1-405B,226,1808,2531.2,2.5311999999999997,9,8,4,4,5,13,-3,4,9,5,5,5,14,-3,4,9,5,5,5,14,-1,4,10,6,6,5,15,1,4,10,6,6,5,15,2,4
93,Qwen3-30B-A3B,1007,2014,2819.6,2.8196,11,9,5,5,5,14,-3,4,9,5,5,5,14,0,4,9,5,5,5,14,1,4,9,5,5,5,14,1,4,10,6,6,5,15,2,4
93,Qwen3-235B-A22B,242,1936,2710.4,2.7104,9,8,4,4,5,13,0,4,9,5,5,5,14,1,4,9,5,5,5,14,1,4,9,5,5,5,14,1,4,10,6,6,5,15,1,4
95,Llama-3.1-8B,1559,1559,2182.6,2.1826,12,8,4,4,5,13,0,4,9,5,5,5,14,-2,4,9,5,5,5,14,-1,4,9,5,5,5,14,1,4,9,5,5,5,14,1,4
95,Llama-3.1-70B,450,1800,2520.0,2.52,10,8,4,4,5,13,0,4,9,5,5,5,14,-2,4,9,5,5,5,14,1,4,9,5,5,5,14,0,4,10,6,6,5,15,2,4
95,Llama-3.1-405B,226,1808,2531.2,2.5311999999999997,9,9,5,5,5,14,-3,4,9,5,5,5,14,-3,4,9,5,5,5,14,-1,4,10,6,6,5,15,1,4,10,6,6,5,15,2,4
95,Qwen3-30B-A3B,1007,2014,2819.6,2.8196,11,9,5,5,5,14,-2,4,9,5,5,5,14,1,4,9,5,5,5,14,1,4,9,5,5,5,14,1,4,10,6,6,5,15,2,4
95,Qwen3-235B-A22B,242,1936,2710.4,2.7104,9,8,4,4,5,13,0,4,9,5,5,5,14,1,4,9,5,5,5,14,1,4,9,5,5,5,14,1,4,10,6,6,5,15,2,4
97,Llama-3.1-8B,1789,1789,2504.6,2.5046,12,8,4,4,5,13,0,4,9,5,5,5,14,-7,4,9,5,5,5,14,-6,4,9,5,5,5,14,-5,4,10,6,6,5,15,1,4
97,Llama-3.1-70B,487,1948,2727.2,2.7272,10,8,4,4,5,13,0,4,8,4,4,5,13,-2,4,9,5,5,5,14,1,4,9,5,5,5,14,-5,4,10,6,6,5,15,1,4
97,Llama-3.1-405B,239,1912,2676.8,2.6768,9,8,4,4,5,13,0,4,9,5,5,5,14,-6,4,9,5,5,5,14,-2,4,9,5,5,5,14,-5,4,10,6,6,5,15,1,4
97,Qwen3-30B-A3B,1056,2112,2956.8,2.9568000000000003,11,9,5,5,5,14,-7,4,9,5,5,5,14,-7,4,9,5,5,5,14,1,4,9,5,5,5,14,-5,4,10,6,6,5,15,1,4
97,Qwen3-235B-A22B,267,2136,2990.4,2.9904,9,9,5,5,5,14,-7,4,9,5,5,5,14,-2,4,9,5,5,5,14,-5,4,9,5,5,5,14,-5,4,10,6,6,5,15,1,4
98,Llama-3.1-8B,1775,1775,2485.0,2.485,12,8,4,4,5,13,0,4,9,5,5,5,14,-6,4,9,5,5,5,14,1,4,9,5,5,5,14,-4,4,10,6,6,5,15,1,4
98,Llama-3.1-70B,491,1964,2749.6,2.7496,10,8,4,4,5,13,0,4,9,5,5,5,14,-4,4,9,5,5,5,14,1,4,10,6,6,5,15,1,4,10,6,6,5,15,1,4
98,Llama-3.1-405B,239,1912,2676.8,2.6768,9,8,4,4,5,13,0,4,9,5,5,5,14,-6,4,9,5,5,5,14,-1,4,9,5,5,5,14,-5,4,10,6,6,5,15,1,4
98,Qwen3-30B-A3B,1045,2090,2926.0,2.926,11,8,4,4,5,13,0,4,9,5,5,5,14,-4,4,9,5,5,5,14,1,4,9,5,5,5,14,-5,4,10,6,6,5,15,1,4
98,Qwen3-235B-A22B,263,2104,2945.6,2.9455999999999998,9,8,4,4,5,13,0,4,9,5,5,5,14,1,4,9,5,5,5,14,1,4,9,5,5,5,14,-5,4,10,6,6,5,15,1,4
99,Llama-3.1-8B,1750,1750,2450.0,2.45,12,8,4,4,5,13,0,4,9,5,5,5,14,-5,4,9,5,5,5,14,0,4,9,5,5,5,14,-3,4,10,6,6,5,15,1,4
99,Llama-3.1-70B,446,1784,2497.6,2.4976,10,8,4,4,5,13,0,4,9,5,5,5,14,-6,4,9,5,5,5,14,-6,4,9,5,5,5,14,-4,4,9,5,5,5,14,-3,4
99,Llama-3.1-405B,215,1720,2408.0,2.408,9,8,4,4,5,13,0,4,8,4,4,5,13,0,4,8,4,4,5,13,1,4,9,5,5,5,14,1,4,9,5,5,5,14,-3,4
99,Qwen3-30B-A3B,1042,2084,2917.6,2.9175999999999997,11,8,4,4,5,13,0,4,9,5,5,5,14,1,4,9,5,5,5,14,1,4,9,5,5,5,14,-3,4,10,6,6,5,15,1,4
99,Qwen3-235B-A22B,256,2048,2867.2,2.8672,9,8,4,4,5,13,0,4,9,5,5,5,14,-5,4,9,5,5,5,14,-2,4,9,5,5,5,14,-3,4,10,6,6,5,15,1,4
