param_name,violation_time_s,integral_violation_pu_s,worst_vmin,worst_vmax,wall_time_s,avg_power_kw_per_phase__upstream,avg_batch__Llama-3.1-405B,n_batch_changes__Llama-3.1-405B,itl_violation_frac__Llama-3.1-405B,avg_throughput_tokens_per_s__Llama-3.1-405B,avg_batch__Llama-3.1-70B,n_batch_changes__Llama-3.1-70B,itl_violation_frac__Llama-3.1-70B,avg_throughput_tokens_per_s__Llama-3.1-70B,avg_batch__Llama-3.1-8B,n_batch_changes__Llama-3.1-8B,itl_violation_frac__Llama-3.1-8B,avg_throughput_tokens_per_s__Llama-3.1-8B,avg_power_kw_per_phase__downstream,avg_batch__Qwen3-235B-A22B,n_batch_changes__Qwen3-235B-A22B,itl_violation_frac__Qwen3-235B-A22B,avg_throughput_tokens_per_s__Qwen3-235B-A22B,avg_batch__Qwen3-30B-A3B,n_batch_changes__Qwen3-30B-A3B,itl_violation_frac__Qwen3-30B-A3B,avg_throughput_tokens_per_s__Qwen3-30B-A3B,param_value__upstream,param_value__downstream
primal_step_size,45.699999999958436,0.04713686599506664,0.9482129737077916,1.0513142302737735,15.869318399993062,545.900823085091,157.17822222222222,7,0.17844444444444443,157110.40462402452,252.27422222222222,11,0.027916666666666666,661077.8003306673,430.0337777777778,2,0.0,7269698.233563305,473.253827135343,89.50666666666666,6,0.0,479753.1164849679,298.5564444444444,5,0.0,3152835.0715366346,0.01,0.01
primal_step_size,44.29999999995971,0.05359225302362791,0.9478757844622003,1.0512703345985048,16.647877100003825,549.8478316782783,160.7008888888889,6,0.1746388888888889,162602.24417519098,272.41644444444444,8,0.03238888888888889,714420.6294288492,435.3671111111111,2,0.0,7286306.029120115,476.613353567272,159.61555555555555,9,0.0,836985.1551847062,374.0871111111111,21,0.0,3762364.017916534,0.01,0.025
primal_step_size,25.599999999976717,0.03421789583231633,0.9483056068435965,1.051064775369674,16.6151891000045,548.673513749887,167.1271111111111,6,0.1793611111111111,173543.59554121422,170.57955555555554,5,0.0,663309.5889215181,420.7182222222222,2,0.0,7240520.188929365,473.7994213673967,179.60666666666665,12,0.0,938113.5910501633,318.6377777777778,22,0.0,3185363.8545894916,0.01,0.05
primal_step_size,26.999999999975444,0.03853337668203642,0.9469446489943593,1.0512673353073876,20.018444100001943,545.8502789318857,165.74777777777777,3,0.18083333333333335,165527.08503205993,163.06333333333333,4,0.0,606389.888030465,422.21155555555555,2,0.0,7245207.958340669,473.3892542995201,286.5275555555556,11,0.0,1480126.9576523262,309.60044444444446,17,0.0,3108269.2113595367,0.01,0.1
primal_step_size,20.699999999981173,0.03861022031660826,0.9476638307415749,1.0518069628650029,17.066769700002624,550.04627312241,168.30333333333334,5,0.17705555555555555,173315.38010288926,176.14977777777779,6,0.0,666412.4050339189,410.19377777777777,2,0.0,7181852.39140105,477.82969817066936,336.98977777777776,24,0.0,1736108.0829093503,340.66044444444447,43,0.0,3402260.165293678,0.01,0.25
primal_step_size,31.199999999971624,0.038619692017005325,0.9480317944521224,1.0511565633049835,16.632284999999683,547.1104173097555,168.48177777777778,9,0.1996111111111111,166421.54155097864,297.42044444444446,7,0.04502777777777778,683147.5045662412,431.56266666666664,8,0.0,7219513.726061675,474.25620412239186,95.35288888888888,7,0.0,509281.99678167386,307.12533333333334,5,0.0,3247325.5261519486,0.025,0.01
primal_step_size,27.099999999975353,0.034154132015951,0.9480150730294248,1.051064775369674,17.68350510000164,545.9630276189783,160.32977777777776,8,0.1820277777777778,160742.9225142272,289.5142222222222,7,0.042805555555555555,673743.8199032834,493.89155555555556,4,0.0,7468894.106441339,477.56572137940344,142.50666666666666,8,0.0,749513.4366431282,404.22044444444447,12,0.0,3949063.3825719594,0.025,0.025
primal_step_size,24.599999999977626,0.027790523595757573,0.9480317944521224,1.051064775369674,16.479840500003775,546.485986301041,161.0497777777778,7,0.1820277777777778,162329.98931468598,289.38755555555554,7,0.042805555555555555,673079.2835912562,496.66488888888887,2,0.0,7477481.715600438,479.5614671428426,174.2511111111111,8,0.0,911460.5590546096,422.9048888888889,13,0.0,4106032.4087230037,0.025,0.05
primal_step_size,22.899999999979173,0.021705237335280347,0.9484905792569159,1.0512673353073876,15.33353740000166,545.5666651580008,160.63644444444444,5,0.18408333333333332,160061.32408507523,296.8608888888889,7,0.04502777777777778,679632.4549234897,498.5848888888889,2,0.0,7483443.732835617,476.0225487133707,302.00533333333334,12,0.0,1558568.6990655344,327.30044444444445,24,0.0,3297671.6116194427,0.025,0.1
primal_step_size,22.699999999979354,0.028878802729190134,0.9476873822530095,1.0518069628650029,14.255298799995217,549.7159354207838,167.09,6,0.1936388888888889,166039.7234931891,300.9942222222222,4,0.04502777777777778,712449.8332801898,483.616,2,0.0,7436773.558588067,480.72858012668087,342.6831111111111,29,0.0,1763687.7931524315,349.3093333333333,34,0.0,3472918.864466149,0.025,0.25
primal_step_size,16.69999999998481,0.02339527841044518,0.9479584025714259,1.0512499865469362,13.945367300002545,543.090500194883,163.0888888888889,12,0.19019444444444444,161707.2359826629,263.7151111111111,10,0.033166666666666664,671639.5221976662,401.82933333333335,11,0.0,6741882.231392888,473.4489235144274,94.456,5,0.0,505427.7312517246,301.25155555555557,4,0.0,3156003.0638769954,0.05,0.01
primal_step_size,19.09999999998263,0.022654080475044858,0.9476849329656579,1.0509693600764898,14.390550100004475,545.779292724454,157.95288888888888,10,0.17441666666666666,160319.179043571,267.81733333333335,11,0.03705555555555556,642738.4027343572,467.3671111111111,5,0.0,7370355.648780428,475.6562563946404,104.85066666666667,9,0.0,557383.6215738436,362.1582222222222,9,0.0,3672656.867377829,0.05,0.025
primal_step_size,26.699999999975716,0.023396178910826237,0.9476849329656579,1.0507424426329046,13.786539300002914,546.4307952166824,160.64444444444445,9,0.17441666666666666,162142.54171057307,276.29955555555557,10,0.03994444444444444,649211.1023763897,477.7493333333333,5,0.0,7418309.097770279,476.9592935418312,157.15333333333334,12,0.0,824892.997664517,347.21644444444445,13,0.0,3468753.288775615,0.05,0.05
primal_step_size,28.099999999974443,0.027068153487290563,0.9485447594419448,1.0510912468697564,13.821028899998055,546.4350884345037,160.56533333333334,8,0.17441666666666666,162036.47841670687,277.35644444444443,8,0.04038888888888889,649524.9648904356,496.13155555555556,2,0.0,7476122.794225904,479.14757110730164,187.2288888888889,10,0.0,976623.350817013,348.89155555555556,24,0.0,3451015.485500223,0.05,0.1
primal_step_size,22.699999999979354,0.029156659804045113,0.9482911674758379,1.0505933763779078,14.643850499996915,545.8147219461346,157.51222222222222,7,0.17441666666666666,159402.829284898,258.5742222222222,8,0.033166666666666664,644307.0937799339,493.07377777777776,2,0.0,7466601.476881927,481.2387373088213,293.64088888888887,25,0.0,1515466.9277592,372.9137777777778,41,0.0,3647268.286167149,0.05,0.25
primal_step_size,16.89999999998463,0.017497210177921725,0.9483116148331384,1.0507710691669316,13.910539399999834,538.8911300562536,183.70533333333333,105,0.21897222222222223,197441.710707145,299.0742222222222,13,0.04505555555555556,681797.8443456419,395.6693333333333,17,0.0,6245693.240355137,475.10754999697593,94.816,6,0.0,507704.156892055,327.136,4,0.0,3364694.3595784563,0.1,0.01
primal_step_size,19.199999999982538,0.026408154542081258,0.9479584025714259,1.0506573072083663,14.403940500000317,546.0648759661732,174.8328888888889,102,0.19352777777777777,195145.9522935151,293.06888888888886,11,0.04505555555555556,663250.9865006377,462.28711111111113,11,0.0,7199545.276340636,476.1454256414027,101.45066666666666,6,0.0,540214.1465787784,382.28266666666667,8,0.0,3810599.0658878195,0.1,0.025
primal_step_size,21.899999999980082,0.028085578197644116,0.9476849329656579,1.051497414647635,14.217603600001894,542.4340541599333,164.40177777777777,87,0.18983333333333333,176514.74500155883,272.92622222222224,15,0.03941666666666667,636188.455462641,444.43822222222224,18,0.0,7072243.335065771,476.4790142158511,148.5911111111111,19,0.0,779364.3953018785,327.35555555555555,18,0.0,3235258.342207575,0.1,0.05
primal_step_size,17.89999999998372,0.02363639223079261,0.9481162687585336,1.050849945771801,13.81428109999979,544.2136227696575,164.084,82,0.18983333333333333,175775.63019736478,272.64844444444446,11,0.03941666666666667,634141.5727964928,478.28266666666667,11,0.0,7393123.619080737,475.7399941117786,173.91555555555556,12,0.0,909399.0842790608,336.4964444444444,18,0.0,3348397.7179539045,0.1,0.1
primal_step_size,16.99999999998454,0.02527491837306603,0.9484785958791623,1.0505533821332653,14.348157999993418,546.8226697084662,172.07422222222223,83,0.18983333333333333,183735.5787716591,290.30755555555555,11,0.04505555555555556,644426.7379532893,494.4248888888889,8,0.0,7470736.44673037,480.354412405215,309.6186666666667,22,0.0,1597273.8397628553,372.51377777777776,35,0.0,3648740.211481612,0.1,0.25
primal_step_size,9.799999999991087,0.01683253242218651,0.9480317944521224,1.0505974904103825,13.641976600003545,546.9083452560438,181.4488888888889,89,0.20008333333333334,215257.8071560985,320.5782222222222,17,0.04766666666666667,732398.8241904159,442.89377777777776,26,0.0,6805167.9147789925,474.5187288715508,94.95422222222223,5,0.0,508489.69309793395,310.9937777777778,4,0.0,3234606.7270121807,0.25,0.01
primal_step_size,12.399999999988722,0.01653681725726325,0.9479584025714259,1.0505161681190538,13.912194000004092,545.6664600173866,170.13777777777779,89,0.20008333333333334,200579.82762674429,305.5982222222222,20,0.046,715198.6353210665,479.2848888888889,21,0.0,7307890.970913641,473.8415142955712,100.00933333333333,6,0.0,533892.7931860144,345.59644444444444,10,0.0,3579261.3266975083,0.25,0.025
primal_step_size,15.999999999985448,0.05212533184807386,0.9439362732401333,1.0515796999001805,13.307769300001382,539.6329600612846,165.604,77,0.19630555555555557,189795.55220778412,275.9626666666667,32,0.039,671997.2603071369,436.1404444444444,33,0.0,6822961.723884758,481.8199114535031,189.7408888888889,12,0.0,982332.2358784353,335.1728888888889,12,0.0,3285599.825575092,0.25,0.05
primal_step_size,11.999999999989086,0.012222464940123166,0.948766456661761,1.0504924314988606,13.5458398999981,540.9315748903534,164.08933333333334,70,0.19630555555555557,187000.10531263676,270.20755555555553,29,0.03827777777777778,668056.9684940841,470.22933333333333,24,0.0,7200643.461818672,478.07941067863544,180.2151111111111,11,0.0,940904.4638277624,347.34444444444443,17,0.0,3440858.325702595,0.25,0.1
primal_step_size,13.299999999987904,0.013616216402949096,0.9486971937172648,1.0504924314988606,13.984259999997448,544.1729483442182,166.47866666666667,71,0.19630555555555557,191476.76373947758,291.044,17,0.044194444444444446,670012.200948122,484.83377777777775,22,0.0,7399394.862316872,482.54361166108896,317.6066666666667,23,0.0,1636644.3290592104,384.28044444444447,27,0.0,3738778.535498467,0.25,0.25
voltage_dual_step_size,50.099999999954434,0.06011717181268912,0.9476849329656579,1.051064775369674,13.900713899995026,547.91677910979,161.23422222222223,13,0.18461111111111111,160773.83096236194,278.4342222222222,17,0.03805555555555556,687158.7094208436,492.6115555555556,4,0.0,7464886.073107473,479.6676625853274,159.62,10,0.0,837048.0021665429,434.5493333333333,8,0.0,4191025.8712724713,4.0,4.0
voltage_dual_step_size,36.79999999996653,0.05451380183118881,0.94847089315983,1.051064775369674,15.214000599997235,549.9030740292849,163.06977777777777,9,0.1822777777777778,164374.04466013194,287.77155555555555,12,0.03916666666666667,725047.582725786,495.3137777777778,2,0.0,7473329.752257583,478.6186407817325,169.64444444444445,10,0.0,887705.7201692965,408.77155555555555,27,0.0,3973036.3635224905,4.0,10.0
voltage_dual_step_size,11.199999999989814,0.016111852305632758,0.9487113412393221,1.051064775369674,13.691628300002776,570.4962987562102,200.88888888888889,4,0.18083333333333335,212349.1817452213,316.9031111111111,7,0.030194444444444444,909828.6606117131,492.6471111111111,4,0.0,7464732.571548646,467.88730841391987,159.99422222222222,12,0.0,841281.1064872263,297.8071111111111,16,0.0,3042239.6750477287,4.0,20.0
voltage_dual_step_size,18.599999999983083,0.037065346197060096,0.9468651500647908,1.0509434469114955,13.970683100000315,563.6943747073518,201.344,4,0.22191666666666668,203913.52704560407,314.8151111111111,10,0.03411111111111111,827282.0408589059,493.0382222222222,2,0.0,7466226.046061428,468.87203201076306,241.11955555555556,10,0.0,1249811.2746805572,302.14844444444446,11,0.0,3051928.7074425584,4.0,40.0
voltage_dual_step_size,12.899999999988268,0.012073087745416433,0.9482787877751769,1.051052907474751,14.155813299999863,578.734883155634,249.952,5,0.29830555555555555,235213.37232535158,414.496,8,0.049555555555555554,995622.8309747933,492.78933333333333,2,0.0,7464613.865507448,463.37369183668034,325.1053333333333,7,0.0,1677895.320575807,292.42977777777776,7,0.0,2911516.9995520147,4.0,100.0
voltage_dual_step_size,45.2999999999588,0.05938871329238466,0.9476958748937182,1.051064775369674,13.662304800003767,537.7630204681589,173.0137777777778,18,0.2008888888888889,171812.30329705737,294.56266666666664,9,0.04416666666666667,682541.299316696,365.81644444444447,16,0.0,5934439.633995478,485.63066535833946,163.4862222222222,10,0.0,855301.908163343,389.00266666666664,11,0.0,3861904.8704170347,10.0,4.0
voltage_dual_step_size,30.099999999972624,0.04002432322097938,0.9480317944521224,1.051064775369674,14.33902169999783,548.2012858998623,173.00755555555557,17,0.2008888888888889,171802.29545902915,294.42533333333336,8,0.04416666666666667,681395.6788800416,496.1671111111111,4,0.0,7476049.006141975,479.35751418914214,167.31555555555556,10,0.0,875659.4590305988,424.70044444444443,14,0.0,4139159.4350426253,10.0,10.0
voltage_dual_step_size,32.99999999996999,0.03175834985306097,0.9484351190351415,1.051064775369674,13.67965930000355,548.204014177925,171.8551111111111,25,0.20222222222222222,170739.1947311261,293.52711111111114,11,0.04416666666666667,676350.9510531815,503.56266666666664,2,0.0,7499082.212480747,474.76903329349256,176.99422222222222,13,0.0,924912.4153737441,322.94755555555554,15,0.0,3265662.370418585,10.0,20.0
voltage_dual_step_size,15.499999999985903,0.01339453408090777,0.9486451870788575,1.0509434469114955,13.686532200001238,552.1250017663938,172.13644444444444,9,0.18769444444444444,172322.07433221478,308.77066666666667,10,0.04502777777777778,753440.9104196439,504.4871111111111,2,0.0,7502005.185071923,473.74918972647583,243.29644444444443,13,0.0,1261710.5231582683,307.692,14,0.0,3124525.5542134256,10.0,40.0
voltage_dual_step_size,7.799999999992906,0.006362149370368606,0.9489448359979924,1.0504924314988606,13.862677400000393,574.1887019872808,205.61422222222222,3,0.18991666666666668,214840.7001249237,374.10488888888887,7,0.03916666666666667,961949.6655982427,491.82933333333335,2,0.0,7459761.52631311,464.66669520490944,165.6631111111111,6,0.0,868621.7998977805,287.3475555555556,8,0.0,2883088.582450267,10.0,100.0
voltage_dual_step_size,26.899999999975535,0.045146492954402866,0.9474444039042874,1.0505842094558564,13.486170099997253,535.9294148403218,160.65733333333333,10,0.17441666666666666,162545.26931001784,259.2551111111111,10,0.034083333333333334,641318.5018604645,358.5226666666667,13,0.0,5939421.042769465,482.842713248948,157.53511111111112,8,0.0,824882.1053254318,352.7111111111111,10,0.0,3554627.230506024,20.0,4.0
voltage_dual_step_size,25.29999999997699,0.03820896737205689,0.9476958748937182,1.0506979002160206,13.510568900004728,539.3626402860656,160.57733333333334,12,0.17441666666666666,162358.50378731286,276.0417777777778,12,0.03966666666666667,656864.4006978272,367.8982222222222,13,0.0,6251696.440190857,481.3688988159146,161.04222222222222,9,0.0,843167.8677395456,346.81111111111113,12,0.0,3470992.9213195615,20.0,10.0
voltage_dual_step_size,26.699999999975716,0.023396178910826237,0.9476849329656579,1.0507424426329046,13.855310200000531,546.4307952166824,160.64444444444445,9,0.17441666666666666,162142.54171057307,276.29955555555557,10,0.03994444444444444,649211.1023763897,477.7493333333333,5,0.0,7418309.097770279,476.9592935418312,157.15333333333334,12,0.0,824892.997664517,347.21644444444445,13,0.0,3468753.288775615,20.0,20.0
voltage_dual_step_size,12.59999999998854,0.010538302974298083,0.9487856854410884,1.0509331435620248,13.580289400000765,546.4752413514506,161.6408888888889,4,0.17441666666666666,162551.29558600858,277.10977777777777,7,0.04038888888888889,647342.5336376965,496.27377777777775,2,0.0,7476558.055351171,478.10722469357296,160.6822222222222,10,0.0,842512.7197423537,366.94044444444444,15,0.0,3717165.999085391,20.0,40.0
voltage_dual_step_size,22.399999999979627,0.020999551104524592,0.9484394416047986,1.051036779334622,13.80418759999884,545.588793213678,158.88977777777777,7,0.17441666666666666,161096.23077944628,248.50088888888888,10,0.030194444444444444,633232.2067254207,493.07377777777776,2,0.0,7466601.476881927,471.7244132424441,171.74977777777778,16,0.0,898382.0164560173,295.67822222222225,18,0.0,2985700.3372810846,20.0,100.0
voltage_dual_step_size,31.999999999970896,0.04821802647450146,0.9474444039042874,1.0505427657790103,14.294028100004653,536.2090160491958,167.87511111111112,77,0.19027777777777777,179993.78517087287,279.6906666666667,7,0.041527777777777775,638468.0344566638,373.6093333333333,13,0.0,6049087.626147887,479.0026775626895,155.78044444444444,7,0.0,817159.0591256416,349.95733333333334,16,0.0,3503317.774220655,40.0,4.0
voltage_dual_step_size,18.199999999983447,0.033442580757477657,0.9481968033639626,1.0507099293541873,14.38464109999768,535.0415808968617,166.72844444444445,76,0.19027777777777777,177903.35018481704,278.89155555555556,6,0.041527777777777775,632897.8581255556,365.656,12,0.0,5970405.84186553,483.2143139803519,156.40177777777777,9,0.0,819952.9864898893,390.69155555555557,12,0.0,3885753.8220642013,40.0,10.0
voltage_dual_step_size,29.099999999973534,0.09429625101565806,0.9423103917826708,1.0529080392071861,13.817783400001645,537.5789053364397,172.81511111111112,61,0.19411111111111112,179687.24214228647,270.69733333333335,17,0.03727777777777778,658723.4003407524,376.07155555555556,13,0.0,6091607.631886788,483.84774679724046,218.48755555555556,8,0.0,1128703.9709956208,344.96222222222224,12,0.0,3381329.18190073,40.0,20.0
voltage_dual_step_size,18.599999999983083,0.017896088020820114,0.9486396389667392,1.0508931900120781,14.378026600003068,546.6919170353652,172.46488888888888,58,0.1939722222222222,179002.04070547156,270.00044444444444,12,0.03727777777777778,653263.0959974551,503.02933333333334,4,0.0,7497716.145673064,479.38382328436035,162.532,12,0.0,851600.3998407739,425.09155555555554,14,0.0,4128609.4062864874,40.0,40.0
voltage_dual_step_size,15.999999999985448,0.010264115853574141,0.9489448359979924,1.0507424426329046,13.880461900000228,545.623466581056,167.80266666666665,78,0.19088888888888889,179316.38165285488,278.43733333333336,7,0.041527777777777775,628828.3142075078,497.3404444444445,4,0.0,7479792.242551156,471.725103839421,169.71422222222222,10,0.0,887975.4828316085,297.56266666666664,13,0.0,3000167.249233133,40.0,100.0
voltage_dual_step_size,33.099999999969896,0.04306519474955251,0.9474444039042874,1.0504924314988606,13.85461999999825,532.7121416714125,141.96044444444445,14,0.1319722222222222,177181.24592013305,260.97555555555556,9,0.03727777777777778,662335.4521238018,386.5493333333333,14,0.0,6044742.920939494,482.11780804806267,161.41955555555555,12,0.0,843453.4614809821,347.43822222222224,14,0.0,3446736.814644519,100.0,4.0
voltage_dual_step_size,18.099999999983538,0.023321724588081925,0.9474444039042874,1.0505123986396576,14.364450599998236,531.0331375093947,128.51066666666668,11,0.11277777777777778,145888.53832591197,254.40488888888888,6,0.03727777777777778,626861.3906129675,368.2182222222222,11,0.0,6035739.64283329,481.80129609108883,157.44044444444444,6,0.0,825582.9831706168,388.22044444444447,13,0.0,3857151.7594535165,100.0,10.0
voltage_dual_step_size,17.599999999983993,0.01768001297763326,0.9484688447371746,1.0508473814438668,13.502893600001698,529.5902630536785,128.33377777777778,12,0.11452777777777778,144442.40923816845,255.46488888888888,7,0.03744444444444445,628358.609081197,351.2271111111111,11,0.0,5864356.184321674,485.2350506731338,153.31555555555556,11,0.0,801688.531764101,424.77155555555555,8,0.0,4115640.5138896992,100.0,20.0
voltage_dual_step_size,10.49999999999045,0.0066878249500637605,0.9488137119424916,1.0505019694053552,13.523333199998888,536.9748859011625,127.09066666666666,9,0.11277777777777778,142987.535356601,253.74044444444445,6,0.03727777777777778,621648.0551303272,401.5048888888889,11,0.0,6818679.977381092,475.98927626775554,157.90666666666667,9,0.0,828415.1110570295,325.3911111111111,11,0.0,3312712.3352968963,100.0,40.0
voltage_dual_step_size,9.699999999991178,0.0064835241559633265,0.9488137119424916,1.0504924314988606,14.094474400000763,539.8790099793621,127.19422222222222,8,0.11277777777777778,143562.81518744637,253.62977777777778,5,0.03727777777777778,620941.4349472511,481.41155555555554,6,0.0,7403492.284932545,474.05912281609585,208.43155555555555,6,0.0,1083349.2561940034,335.62044444444444,11,0.0,3271123.9023056636,100.0,100.0
latency_dual_step_size,24.899999999977354,0.02553877821043494,0.9476849329656579,1.0508148581296723,13.944424400004209,546.4801501058913,160.59555555555556,10,0.17441666666666666,162282.14639233166,276.69955555555555,10,0.03994444444444444,652468.0810242449,472.06044444444444,5,0.0,7388248.772613908,475.45702812437173,155.91333333333333,10,0.0,818186.939442922,343.1808888888889,11,0.0,3398461.481027421,0.1,0.1
latency_dual_step_size,24.899999999977354,0.02553877821043494,0.9476849329656579,1.0508148581296723,14.322983400001249,546.4801501058913,160.59555555555556,10,0.17441666666666666,162282.14639233166,276.69955555555555,10,0.03994444444444444,652468.0810242449,472.06044444444444,5,0.0,7388248.772613908,475.45702812437173,155.91333333333333,10,0.0,818186.939442922,343.1808888888889,11,0.0,3398461.481027421,0.1,1.0
latency_dual_step_size,24.899999999977354,0.02553877821043494,0.9476849329656579,1.0508148581296723,14.913431599998148,546.4801501058913,160.59555555555556,10,0.17441666666666666,162282.14639233166,276.69955555555555,10,0.03994444444444444,652468.0810242449,472.06044444444444,5,0.0,7388248.772613908,475.45702812437173,155.91333333333333,10,0.0,818186.939442922,343.1808888888889,11,0.0,3398461.481027421,0.1,10.0
latency_dual_step_size,24.899999999977354,0.02553877821043494,0.9476849329656579,1.0508148581296723,14.165775200002827,546.4801501058913,160.59555555555556,10,0.17441666666666666,162282.14639233166,276.69955555555555,10,0.03994444444444444,652468.0810242449,472.06044444444444,5,0.0,7388248.772613908,475.45702812437173,155.91333333333333,10,0.0,818186.939442922,343.1808888888889,11,0.0,3398461.481027421,0.1,50.0
latency_dual_step_size,24.899999999977354,0.02553877821043494,0.9476849329656579,1.0508148581296723,14.18131600000197,546.4801501058913,160.59555555555556,10,0.17441666666666666,162282.14639233166,276.69955555555555,10,0.03994444444444444,652468.0810242449,472.06044444444444,5,0.0,7388248.772613908,475.45702812437173,155.91333333333333,10,0.0,818186.939442922,343.1808888888889,11,0.0,3398461.481027421,0.1,100.0
latency_dual_step_size,26.699999999975716,0.023396178910826237,0.9476849329656579,1.0507424426329046,13.9661672000002,546.4307952166824,160.64444444444445,9,0.17441666666666666,162142.54171057307,276.29955555555557,10,0.03994444444444444,649211.1023763897,477.7493333333333,5,0.0,7418309.097770279,476.9592935418312,157.15333333333334,12,0.0,824892.997664517,347.21644444444445,13,0.0,3468753.288775615,1.0,0.1
latency_dual_step_size,26.699999999975716,0.023396178910826237,0.9476849329656579,1.0507424426329046,14.644041400002607,546.4307952166824,160.64444444444445,9,0.17441666666666666,162142.54171057307,276.29955555555557,10,0.03994444444444444,649211.1023763897,477.7493333333333,5,0.0,7418309.097770279,476.9592935418312,157.15333333333334,12,0.0,824892.997664517,347.21644444444445,13,0.0,3468753.288775615,1.0,1.0
latency_dual_step_size,26.699999999975716,0.023396178910826237,0.9476849329656579,1.0507424426329046,14.112277899999754,546.4307952166824,160.64444444444445,9,0.17441666666666666,162142.54171057307,276.29955555555557,10,0.03994444444444444,649211.1023763897,477.7493333333333,5,0.0,7418309.097770279,476.9592935418312,157.15333333333334,12,0.0,824892.997664517,347.21644444444445,13,0.0,3468753.288775615,1.0,10.0
latency_dual_step_size,26.699999999975716,0.023396178910826237,0.9476849329656579,1.0507424426329046,14.51914769999712,546.4307952166824,160.64444444444445,9,0.17441666666666666,162142.54171057307,276.29955555555557,10,0.03994444444444444,649211.1023763897,477.7493333333333,5,0.0,7418309.097770279,476.9592935418312,157.15333333333334,12,0.0,824892.997664517,347.21644444444445,13,0.0,3468753.288775615,1.0,50.0
latency_dual_step_size,26.699999999975716,0.023396178910826237,0.9476849329656579,1.0507424426329046,14.250001699998393,546.4307952166824,160.64444444444445,9,0.17441666666666666,162142.54171057307,276.29955555555557,10,0.03994444444444444,649211.1023763897,477.7493333333333,5,0.0,7418309.097770279,476.9592935418312,157.15333333333334,12,0.0,824892.997664517,347.21644444444445,13,0.0,3468753.288775615,1.0,100.0
latency_dual_step_size,23.699999999978445,0.025646795150409185,0.9480317944521224,1.0507089512807855,14.579261499995482,545.2085429274144,154.04266666666666,8,0.17441666666666666,156609.7969617454,277.1271111111111,13,0.03994444444444444,654855.164504154,474.79822222222225,6,0.0,7409596.384295537,474.44967409288915,158.89555555555555,12,0.0,832149.127443001,345.9222222222222,11,0.0,3455616.177992548,10.0,0.1
latency_dual_step_size,23.699999999978445,0.025646795150409185,0.9480317944521224,1.0507089512807855,14.096691499995359,545.2085429274144,154.04266666666666,8,0.17441666666666666,156609.7969617454,277.1271111111111,13,0.03994444444444444,654855.164504154,474.79822222222225,6,0.0,7409596.384295537,474.44967409288915,158.89555555555555,12,0.0,832149.127443001,345.9222222222222,11,0.0,3455616.177992548,10.0,1.0
latency_dual_step_size,23.699999999978445,0.025646795150409185,0.9480317944521224,1.0507089512807855,14.35783100000117,545.2085429274144,154.04266666666666,8,0.17441666666666666,156609.7969617454,277.1271111111111,13,0.03994444444444444,654855.164504154,474.79822222222225,6,0.0,7409596.384295537,474.44967409288915,158.89555555555555,12,0.0,832149.127443001,345.9222222222222,11,0.0,3455616.177992548,10.0,10.0
latency_dual_step_size,23.699999999978445,0.025646795150409185,0.9480317944521224,1.0507089512807855,14.598077900001954,545.2085429274144,154.04266666666666,8,0.17441666666666666,156609.7969617454,277.1271111111111,13,0.03994444444444444,654855.164504154,474.79822222222225,6,0.0,7409596.384295537,474.44967409288915,158.89555555555555,12,0.0,832149.127443001,345.9222222222222,11,0.0,3455616.177992548,10.0,50.0
latency_dual_step_size,23.699999999978445,0.025646795150409185,0.9480317944521224,1.0507089512807855,14.178376200005005,545.2085429274144,154.04266666666666,8,0.17441666666666666,156609.7969617454,277.1271111111111,13,0.03994444444444444,654855.164504154,474.79822222222225,6,0.0,7409596.384295537,474.44967409288915,158.89555555555555,12,0.0,832149.127443001,345.9222222222222,11,0.0,3455616.177992548,10.0,100.0
latency_dual_step_size,28.899999999973716,0.03267081329944076,0.9485067074800226,1.0511558494528785,15.043154200000572,543.3273240669816,127.80622222222222,139,0.12127777777777778,137213.62084819432,286.19955555555555,11,0.04066666666666666,685852.0037288785,485.82044444444443,4,0.0,7444003.73291297,476.98649011516034,163.19333333333333,13,0.0,854385.66893161,360.19377777777777,16,0.0,3624041.940266451,50.0,0.1
latency_dual_step_size,28.899999999973716,0.03267081329944076,0.9485067074800226,1.0511558494528785,14.233724899997469,543.3273240669816,127.80622222222222,139,0.12127777777777778,137213.62084819432,286.19955555555555,11,0.04066666666666666,685852.0037288785,485.82044444444443,4,0.0,7444003.73291297,476.98649011516034,163.19333333333333,13,0.0,854385.66893161,360.19377777777777,16,0.0,3624041.940266451,50.0,1.0
latency_dual_step_size,28.899999999973716,0.03267081329944076,0.9485067074800226,1.0511558494528785,14.113533899995673,543.3273240669816,127.80622222222222,139,0.12127777777777778,137213.62084819432,286.19955555555555,11,0.04066666666666666,685852.0037288785,485.82044444444443,4,0.0,7444003.73291297,476.98649011516034,163.19333333333333,13,0.0,854385.66893161,360.19377777777777,16,0.0,3624041.940266451,50.0,10.0
latency_dual_step_size,28.899999999973716,0.03267081329944076,0.9485067074800226,1.0511558494528785,14.60191230000055,543.3273240669816,127.80622222222222,139,0.12127777777777778,137213.62084819432,286.19955555555555,11,0.04066666666666666,685852.0037288785,485.82044444444443,4,0.0,7444003.73291297,476.98649011516034,163.19333333333333,13,0.0,854385.66893161,360.19377777777777,16,0.0,3624041.940266451,50.0,50.0
latency_dual_step_size,28.899999999973716,0.03267081329944076,0.9485067074800226,1.0511558494528785,14.739871300000232,543.3273240669816,127.80622222222222,139,0.12127777777777778,137213.62084819432,286.19955555555555,11,0.04066666666666666,685852.0037288785,485.82044444444443,4,0.0,7444003.73291297,476.98649011516034,163.19333333333333,13,0.0,854385.66893161,360.19377777777777,16,0.0,3624041.940266451,50.0,100.0
latency_dual_step_size,31.199999999971624,0.039645003569143855,0.9481352471878542,1.0507089512807855,14.22530430000188,542.3902200787936,111.99377777777778,222,0.08291666666666667,130104.72590996971,286.33155555555555,13,0.04066666666666666,686683.493453651,480.416,8,0.0,7427313.952570263,474.7433559496714,164.18444444444444,11,0.0,858994.7406845606,350.66,16,0.0,3491532.8163422234,100.0,0.1
latency_dual_step_size,31.199999999971624,0.039645003569143855,0.9481352471878542,1.0507089512807855,14.123884699998598,542.3902200787936,111.99377777777778,222,0.08291666666666667,130104.72590996971,286.33155555555555,13,0.04066666666666666,686683.493453651,480.416,8,0.0,7427313.952570263,474.7433559496714,164.18444444444444,11,0.0,858994.7406845606,350.66,16,0.0,3491532.8163422234,100.0,1.0
latency_dual_step_size,31.199999999971624,0.039645003569143855,0.9481352471878542,1.0507089512807855,13.969555100004072,542.3902200787936,111.99377777777778,222,0.08291666666666667,130104.72590996971,286.33155555555555,13,0.04066666666666666,686683.493453651,480.416,8,0.0,7427313.952570263,474.7433559496714,164.18444444444444,11,0.0,858994.7406845606,350.66,16,0.0,3491532.8163422234,100.0,10.0
latency_dual_step_size,31.199999999971624,0.039645003569143855,0.9481352471878542,1.0507089512807855,14.546970499999588,542.3902200787936,111.99377777777778,222,0.08291666666666667,130104.72590996971,286.33155555555555,13,0.04066666666666666,686683.493453651,480.416,8,0.0,7427313.952570263,474.7433559496714,164.18444444444444,11,0.0,858994.7406845606,350.66,16,0.0,3491532.8163422234,100.0,50.0
latency_dual_step_size,31.199999999971624,0.039645003569143855,0.9481352471878542,1.0507089512807855,15.050039000001561,542.3902200787936,111.99377777777778,222,0.08291666666666667,130104.72590996971,286.33155555555555,13,0.04066666666666666,686683.493453651,480.416,8,0.0,7427313.952570263,474.7433559496714,164.18444444444444,11,0.0,858994.7406845606,350.66,16,0.0,3491532.8163422234,100.0,100.0
w_throughput,16.99999999998454,0.010639830704422273,0.9488336658788106,1.0505900748037302,14.151087999998708,542.5249291616717,178.1688888888889,8,0.19858333333333333,180419.01576206577,180.19733333333335,5,0.0,684256.1750005129,184.76444444444445,6,0.0,5529488.65740594,470.7769544592893,102.22222222222223,4,0.0,542264.8311351099,92.864,6,0.0,1699866.25403984,0.0,0.0
w_throughput,19.299999999982447,0.01337589204552208,0.9483924309632034,1.0507708608978803,13.904054399994493,535.9169806323393,170.19066666666666,9,0.19852777777777778,168653.64937673957,259.87822222222223,9,0.0305,676844.6122637996,168.87333333333333,9,0.0,5045599.555325874,476.03993612815265,97.80444444444444,5,0.0,522654.3945752358,176.22755555555557,5,0.0,2283237.893125474,0.0,0.0001
w_throughput,15.999999999985448,0.010327607857176223,0.948983214657364,1.0508473814438668,14.732055699998455,526.0306461130714,156.8951111111111,8,0.17477777777777778,159004.74927132484,153.91822222222223,5,0.0,566719.5098882834,157.66222222222223,7,0.0,4617371.275492529,482.52168052751455,126.49333333333334,8,0.0,664425.1820876598,413.1093333333333,8,0.0,3991091.354315489,0.0,0.0005
w_throughput,24.699999999977535,0.026785112663792205,0.9474320578972913,1.0508274303114529,14.32455900000059,530.3094412440154,150.95111111111112,8,0.14475,160950.89337460854,245.9537777777778,7,0.035277777777777776,619968.62213743,151.14222222222222,9,0.0,4698701.415889389,481.99212385731835,181.24,9,0.0,945287.0040933478,386.5982222222222,12,0.0,3809425.1496406067,0.0,0.001
w_throughput,27.39999999997508,0.03529954715646971,0.9479751623387729,1.0509115797270778,14.096618000003218,528.8603873110264,161.01066666666668,9,0.17477777777777778,163483.40356151955,156.90933333333334,9,0.0,587846.3249635574,161.0551111111111,8,0.0,4723746.061744779,488.22852996147236,392.98488888888886,8,0.0,2014729.4163133425,405.84711111111113,26,0.0,3895072.0489337067,0.0,0.005
w_throughput,28.699999999973898,0.05017745407444121,0.9479751623387729,1.0507569704381123,13.989977900004305,528.5311369737252,160.58177777777777,7,0.17477777777777778,162601.63609868925,156.81822222222223,7,0.0,587293.3365997963,161.01733333333334,8,0.0,4721525.476999562,489.4676067091206,416.94933333333336,14,0.0,2136157.7967786067,431.42044444444446,33,0.0,4100432.72361036,0.0,0.01
w_throughput,16.099999999985357,0.009153870620806396,0.949090421567419,1.0507420557646934,14.38347519999661,548.5475540174976,173.30266666666665,6,0.19858333333333333,170895.87279273008,176.23733333333334,6,0.0,656642.7990530108,258.2648888888889,2,0.0,6733641.060378117,462.17045142137073,96.21777777777778,6,0.0,512916.3774826267,89.87066666666666,6,0.0,1668635.9371684333,0.0001,0.0
w_throughput,25.999999999976353,0.016102557838527983,0.9483521476476315,1.0505072662327233,14.512422699997842,545.2209500210357,165.06266666666667,9,0.19758333333333333,159445.93268227932,256.0875555555556,5,0.03027777777777778,654627.9962433181,245.0808888888889,7,0.0,6595004.941966924,464.42007694316027,89.59333333333333,7,0.0,481493.2629818338,151.76,8,0.0,1948016.1246734492,0.0001,0.0001
w_throughput,20.699999999981173,0.024577985052686952,0.9480458864399862,1.0507630952732088,14.362477100003161,532.1026062483209,157.66,10,0.17477777777777778,159683.53671611566,155.84933333333333,6,0.0,575543.4376592335,190.5208888888889,7,0.0,5331339.529238454,479.3626649579384,119.2,14,0.0,630489.3951051994,342.41422222222224,10,0.0,3502995.621814547,0.0001,0.0005
w_throughput,24.699999999977535,0.026027841691953043,0.947884288639292,1.0507630952732088,13.893550600005256,531.0913668645005,146.51111111111112,8,0.14475,155624.92767939065,243.7848888888889,7,0.035277777777777776,605865.3929160354,188.36311111111112,7,0.0,5191600.725306574,482.8630307400864,176.58444444444444,12,0.0,921302.83110416,361.6982222222222,12,0.0,3581608.802136295,0.0001,0.001
w_throughput,24.799999999977445,0.02165368136280114,0.9486038151684281,1.0506084062273238,14.478700300001947,529.9039242242284,158.87066666666666,9,0.17477777777777778,161867.00240467486,155.77377777777778,9,0.0,581058.9676464006,184.47511111111112,7,0.0,5067810.43844946,488.9052626111499,417.9448888888889,8,0.0,2141301.269049491,412.8093333333333,23,0.0,3959168.123256395,0.0001,0.005
w_throughput,27.49999999997499,0.031246800697267856,0.9479751623387729,1.0506084062273238,13.867218499995943,529.9082994234063,158.80844444444443,10,0.17477777777777778,161775.4254970381,155.9071111111111,11,0.0,582014.4952915909,184.4328888888889,8,0.0,5069306.345503406,489.72037170964023,445.99822222222224,4,0.0,2283624.7794532063,434.2493333333333,32,0.0,4123257.3476962075,0.0001,0.01
w_throughput,6.799999999993815,0.0035696373547416792,0.948989470810909,1.0504924314988606,14.286175499997626,558.1489921778154,178.4622222222222,6,0.18097222222222223,188765.18721227426,275.32444444444445,11,0.029861111111111113,780159.0980490497,474.1582222222222,2,0.0,7407780.8116621645,460.1643573617562,87.51511111111111,7,0.0,470067.0345910417,85.15377777777778,5,0.0,1606044.1031217405,0.0005,0.0
w_throughput,13.399999999987813,0.008564650989455616,0.9488249009907315,1.0505737862596334,13.398617300001206,550.2191315012437,173.7271111111111,7,0.1973611111111111,172018.98600056674,259.9937777777778,10,0.030222222222222223,685261.1368855672,474.1582222222222,2,0.0,7407780.8116621645,466.59035787005007,92.84444444444445,8,0.0,496373.3269020036,159.05777777777777,12,0.0,2039902.0997384305,0.0005,0.0001
w_throughput,23.399999999978718,0.02327589299501443,0.9484260394776509,1.0512703345985048,14.341325300003518,545.1754446997969,156.58533333333332,9,0.17441666666666666,158068.1655903235,208.90977777777778,11,0.01575,633429.5858533935,470.6737777777778,4,0.0,7396967.180184698,476.61030311610364,97.51333333333334,9,0.0,519538.20123101765,367.3137777777778,12,0.0,3714519.502886522,0.0005,0.0005
w_throughput,24.499999999977717,0.027003459374615287,0.9482803404788743,1.0507089512807855,13.694522300000244,545.9156170039721,160.56266666666667,9,0.17441666666666666,162429.28217686902,266.18755555555555,9,0.03713888888888889,637661.5259942305,421.71377777777775,6,0.0,7212368.086785524,474.6534748375894,170.48222222222222,11,0.0,891000.580132799,349.1622222222222,12,0.0,3476766.3428159053,0.0005,0.001
w_throughput,32.79999999997017,0.02901647290255515,0.9483579014204365,1.0508280229196967,14.62902629999735,532.3429779963957,152.43155555555555,9,0.17441666666666666,153498.80302202984,236.69644444444444,8,0.026305555555555554,627350.5481047565,336.1111111111111,13,0.0,5764173.015989635,488.27197454566635,422.1404444444444,4,0.0,2162574.723936019,408.156,20,0.0,3914154.302172755,0.0005,0.005
w_throughput,37.19999999996617,0.04587028355229445,0.948125861196457,1.0508280229196967,13.687339600000996,532.3871351167314,153.47155555555557,7,0.17441666666666666,156015.67191510234,224.65866666666668,7,0.021777777777777778,630014.8213593649,331.76444444444445,12,0.0,5678437.199700742,489.2019952540306,453.0382222222222,8,0.0,2319343.6777850823,427.08933333333334,37,0.0,4064159.3951665126,0.0005,0.01
w_throughput,6.099999999994452,0.0033284009334913975,0.9492763360102797,1.0506967023037024,13.426436200003081,561.7936513480006,195.51644444444443,8,0.1983611111111111,204278.06381160283,289.5022222222222,7,0.034916666666666665,783781.0809337342,493.07377777777776,2,0.0,7466601.476881927,457.6731253008684,87.39777777777778,5,0.0,470379.2010896225,83.16933333333333,4,0.0,1567027.502440437,0.001,0.0
w_throughput,12.899999999988268,0.010371408926105802,0.948875855623726,1.0508122339807686,14.057283299996925,556.6136288141321,179.96177777777777,5,0.1929722222222222,187298.12533629843,284.18844444444443,10,0.034527777777777775,750965.959456436,493.07377777777776,2,0.0,7466601.476881927,464.73139033355693,87.44266666666667,4,0.0,470374.59015067556,151.93066666666667,6,0.0,2031002.0507646278,0.001,0.0001
w_throughput,17.599999999983993,0.013559206506314462,0.9485410661025862,1.0509693600764898,13.628905799996573,544.2965310831337,153.31822222222223,5,0.17441666666666666,151640.18765581027,262.06266666666664,10,0.034083333333333334,647810.5971351083,491.8648888888889,4,0.0,7462848.169399058,474.08553108159083,94.57555555555555,10,0.0,507651.09557610535,362.12266666666665,11,0.0,3629533.244365112,0.001,0.0005
w_throughput,26.699999999975716,0.023396178910826237,0.9476849329656579,1.0507424426329046,14.210021200000483,546.4307952166824,160.64444444444445,9,0.17441666666666666,162142.54171057307,276.29955555555557,10,0.03994444444444444,649211.1023763897,477.7493333333333,5,0.0,7418309.097770279,476.9592935418312,157.15333333333334,12,0.0,824892.997664517,347.21644444444445,13,0.0,3468753.288775615,0.001,0.001
w_throughput,37.89999999996553,0.04595133428953705,0.9482275458701576,1.0508899066241513,13.65859979999368,535.4418690469765,157.92444444444445,9,0.17441666666666666,160005.52107345828,266.21066666666667,10,0.035444444444444445,654082.0764591136,356.5697777777778,14,0.0,5875689.788088405,487.35798652858927,398.31822222222223,4,0.0,2041714.3216271955,396.34933333333333,25,0.0,3811965.61565174,0.001,0.005
w_throughput,30.59999999997217,0.04613157336658105,0.9480783443659327,1.0508573213682992,14.005782700005511,535.2594942562471,158.532,10,0.1753611111111111,160828.9511428449,259.0995555555556,10,0.033166666666666664,648592.806653806,354.95644444444446,12,0.0,5856135.510810954,489.0659592680161,447.84711111111113,8,0.0,2292968.0874596233,426.8048888888889,34,0.0,4059814.547141766,0.001,0.01
w_throughput,10.099999999990814,0.006502094111214677,0.949084944811521,1.0506679920264994,14.295959100003529,580.1918890576638,273.09155555555554,42,0.3283055555555556,260531.0003071616,463.776,13,0.06591666666666667,1032912.4100531847,508.29155555555553,2,0.0,7514009.891352965,454.93010131733945,84.44044444444444,5,0.0,455102.5397093336,82.61644444444444,5,0.0,1554429.3314562922,0.005,0.0
w_throughput,14.79999999998654,0.010690440593063445,0.9489924677285486,1.0505223046079621,13.564250900002662,578.0138519507559,255.49866666666668,41,0.28752777777777777,251616.18544758085,439.0471111111111,12,0.059555555555555556,1011774.5869529288,508.29155555555553,2,0.0,7514009.891352965,456.9728008727769,82.95644444444444,4,0.0,448324.3245786171,153.2631111111111,8,0.0,1897299.4064655725,0.005,0.0001
w_throughput,11.299999999989723,0.013417117755378502,0.9485134912078074,1.0505108573904292,13.559653600001184,553.4908819810445,194.40977777777778,46,0.21755555555555556,198478.89507702066,305.42266666666666,21,0.043055555555555555,749203.7125770387,508.29155555555553,2,0.0,7514009.891352965,473.05940041214683,98.95377777777777,10,0.0,528709.9824265757,316.1066666666667,8,0.0,3316121.1067746053,0.005,0.0005
w_throughput,22.399999999979627,0.039190449406282635,0.948109053885592,1.0507350855761617,13.818265199995949,548.7456283311261,180.34755555555554,27,0.20747222222222222,193933.88722395737,292.6488888888889,16,0.043,698714.5409688794,508.29155555555553,2,0.0,7514009.891352965,477.5954240878417,136.9448888888889,7,0.0,721961.7623071676,399.8826666666667,19,0.0,3926455.9398668576,0.005,0.001
w_throughput,24.599999999977626,0.04540485061675559,0.9480646733402551,1.0507747227204463,14.271981300000334,546.6909785355618,183.4208888888889,26,0.2160277777777778,196298.94939094072,292.1928888888889,16,0.043444444444444445,685299.9446171289,477.8737777777778,25,0.0,7332580.984850246,482.39539262055905,314.64222222222224,17,0.0,1621373.7967784135,401.5804444444444,27,0.0,3870615.26005418,0.005,0.005
w_throughput,37.499999999965894,0.060208775826194376,0.9475401385604764,1.0505420895232278,13.63328460000048,541.3046510849683,183.4008888888889,32,0.21675,188676.95461964398,289.4893333333333,15,0.042916666666666665,675277.4918854508,415.7648888888889,35,0.0,6594673.591504953,487.66554938286305,372.42755555555556,18,0.0,1911424.760545116,430.83155555555555,40,0.0,4093035.7889956175,0.005,0.01
w_throughput,10.999999999989996,0.01036076802237358,0.9487766251877758,1.0504924314988606,14.288145400001667,580.7319826611731,291.5875555555556,21,0.35497222222222224,307089.5025578891,477.50044444444444,16,0.07077777777777777,1043090.3751409255,510.1404444444444,2,0.0,7519755.713511793,455.14137454867705,84.60977777777778,5,0.0,456161.1519713045,82.47866666666667,4,0.0,1550440.930492427,0.01,0.0
w_throughput,14.099999999987176,0.01291630461355031,0.9488309287410261,1.0506578442315324,14.563394299999345,580.6631713715343,289.696,22,0.3497222222222222,307178.54221806326,478.8871111111111,22,0.07055555555555555,1044624.942561971,510.1404444444444,2,0.0,7519755.713511793,452.93741575798674,82.97422222222222,3,0.0,448670.27355656103,139.0431111111111,12,0.0,1805295.8976784043,0.01,0.0001
w_throughput,15.999999999985448,0.017829456689210915,0.9486560535343311,1.0504924314988606,14.11173570000392,574.2694065032101,253.96533333333332,28,0.28352777777777777,289151.8713020942,424.78266666666667,25,0.06041666666666667,959558.752507957,509.9271111111111,4,0.0,7519075.859573692,457.1465635898601,80.13422222222222,6,0.0,436627.6457828461,264.59866666666665,13,0.0,2786212.075418888,0.01,0.0005
w_throughput,9.799999999991087,0.02039206728301424,0.94847089315983,1.0504924314988606,14.171643499998027,552.7225356154057,189.3728888888889,30,0.21819444444444444,227319.7611126856,329.68044444444445,32,0.04791666666666667,783437.3943151643,509.99822222222224,6,0.0,7519310.953033356,469.25221293022713,131.13066666666666,10,0.0,692575.2186805146,308.21377777777775,15,0.0,3154472.600012234,0.01,0.001
w_throughput,22.699999999979354,0.0435335244740241,0.9483074423040062,1.0504924314988606,15.07534179999493,551.1835465025864,186.13155555555556,27,0.21488888888888888,223159.8220797734,331.8426666666667,27,0.04797222222222222,788306.80484381,493.9893333333333,13,0.0,7372810.577388053,482.0351206286629,313.99555555555554,15,0.0,1618115.3848638071,403.68044444444445,25,0.0,3879605.9873934174,0.01,0.005
w_throughput,30.099999999972624,0.07040124750333343,0.9476685274355404,1.0507485563367094,13.981045500004257,547.5160233590701,185.3608888888889,26,0.21488888888888888,221375.59309966263,306.48533333333336,26,0.04402777777777778,737585.8278471583,480.1871111111111,24,0.0,7219842.377732263,482.74857779371405,357.50533333333334,30,0.0,1838948.7809517055,414.3537777777778,41,0.0,3965864.4562144037,0.01,0.01
w_switch,23.09999999997899,0.021137219775492613,0.9476849329656579,1.0507424426329046,14.609474400000181,546.5153553166201,160.9688888888889,9,0.17441666666666666,162491.73640974538,275.624,10,0.03963888888888889,649446.2526451525,478.496,5,0.0,7420340.7190793995,475.62337180488896,161.7577777777778,10,0.0,848271.5411838598,345.65422222222224,13,0.0,3438874.3046413907,0.2,0.2
w_switch,24.599999999977626,0.022634938162776973,0.9476849329656579,1.0508148514369722,14.146637500001816,546.4592758738887,160.86844444444444,9,0.17441666666666666,162349.18584895701,275.61955555555556,10,0.03963888888888889,649350.9280574863,478.496,5,0.0,7420340.7190793995,476.1468603841168,160.44,12,0.0,841599.4707324391,346.1142222222222,13,0.0,3448064.179263333,0.2,0.5
w_switch,24.599999999977626,0.022440344859876456,0.9476849329656579,1.050849945771801,14.054134099998919,546.4636860821845,160.9111111111111,9,0.17441666666666666,162372.73715850475,275.61955555555556,10,0.03963888888888889,649350.9280574863,478.496,5,0.0,7420340.7190793995,476.96114157045116,157.13555555555556,12,0.0,824803.550930847,347.28755555555557,13,0.0,3469023.1390792923,0.2,1.0
w_switch,20.799999999981083,0.017400825206158693,0.9476849329656579,1.0508148514369722,14.46224390000134,546.2592420243915,160.6151111111111,8,0.17441666666666666,161796.48001367511,275.5351111111111,9,0.03963888888888889,648603.4060933077,477.6071111111111,5,0.0,7415142.189289824,477.6533483793343,151.31333333333333,10,0.0,795200.5033682236,343.1453333333333,13,0.0,3438763.926195157,0.2,2.0
w_switch,28.29999999997426,0.029886990255692133,0.9476849329656579,1.0512703345985048,14.68359970000165,546.4039730755584,160.47955555555555,8,0.17441666666666666,162078.43039529692,274.9626666666667,11,0.03963888888888889,645648.3171002977,479.63377777777777,4,0.0,7424391.07950218,477.29166211381266,141.0088888888889,14,0.0,742286.3959774239,358.7048888888889,13,0.0,3631252.9037408414,0.2,5.0
w_switch,22.599999999979445,0.021000656614316222,0.9476849329656579,1.0507424426329046,14.217906600002607,546.4968173736902,160.89777777777778,10,0.17458333333333334,162411.5980047457,275.9506666666667,10,0.03977777777777778,649459.7440630033,478.2471111111111,5,0.0,7419826.6983909635,475.6349674218533,161.7577777777778,10,0.0,848271.5411838598,346.0097777777778,13,0.0,3442940.3738035276,0.5,0.2
w_switch,26.899999999975535,0.022971916856802152,0.9476849329656579,1.0507424426329046,14.197028200003842,546.4482082475431,160.77955555555556,10,0.17441666666666666,162271.90056809725,275.93066666666664,10,0.03977777777777778,649283.6499338946,478.2471111111111,5,0.0,7419826.6983909635,476.16526965688064,160.45777777777778,12,0.0,841688.9174661089,346.48755555555556,13,0.0,3453137.1478382377,0.5,0.5
w_switch,26.699999999975716,0.023396178910826237,0.9476849329656579,1.0507424426329046,14.02352239999891,546.4516641251931,160.80444444444444,9,0.17441666666666666,162281.03421560884,275.8728888888889,10,0.03977777777777778,648881.2812422639,478.2471111111111,5,0.0,7419826.6983909635,476.9592935418312,157.15333333333334,12,0.0,824892.997664517,347.21644444444445,13,0.0,3468753.288775615,0.5,1.0
w_switch,23.499999999978627,0.01796355143411477,0.9476849329656579,1.0507424426329046,14.563800800002355,546.2539620099523,160.52622222222223,9,0.17441666666666666,161719.19473281532,275.8462222222222,9,0.03977777777777778,648536.1279697161,477.4293333333333,5,0.0,7415938.703035782,477.6497078346631,151.3311111111111,10,0.0,795289.9501018934,342.932,13,0.0,3437949.2046142463,0.5,2.0
w_switch,26.099999999976262,0.02644116831514819,0.9476849329656579,1.0506269574007097,13.984165100002429,546.4474277401563,160.56933333333333,7,0.17441666666666666,162286.75877433282,275.9048888888889,11,0.03977777777777778,650477.2156505205,467.26044444444443,5,0.0,7370916.888862661,474.0964073018545,142.8022222222222,17,0.0,751517.3230561708,337.4577777777778,13,0.0,3347270.837126082,0.5,5.0
w_switch,22.599999999979445,0.021000656614316222,0.9476849329656579,1.0507424426329046,14.244106199999806,546.4737487295822,160.70222222222222,9,0.17441666666666666,162261.5409618137,276.37733333333335,10,0.03994444444444444,649789.5651971292,477.7493333333333,5,0.0,7418309.097770279,475.6349674218533,161.7577777777778,10,0.0,848271.5411838598,346.0097777777778,13,0.0,3442940.3738035276,1.0,0.2
w_switch,26.899999999975535,0.022971916856802152,0.9476849329656579,1.0507424426329046,14.471460200002184,546.42357954467,160.60177777777778,9,0.17441666666666666,162118.99040102534,276.3573333333333,10,0.03994444444444444,649613.4710680204,477.7493333333333,5,0.0,7418309.097770279,476.16526965688064,160.45777777777778,12,0.0,841688.9174661089,346.48755555555556,13,0.0,3453137.1478382377,1.0,0.5
w_switch,26.699999999975716,0.023396178910826237,0.9476849329656579,1.0507424426329046,14.383250799997768,546.4307952166824,160.64444444444445,9,0.17441666666666666,162142.54171057307,276.29955555555557,10,0.03994444444444444,649211.1023763897,477.7493333333333,5,0.0,7418309.097770279,476.9592935418312,157.15333333333334,12,0.0,824892.997664517,347.21644444444445,13,0.0,3468753.288775615,1.0,1.0
w_switch,23.499999999978627,0.01796355143411477,0.9476849329656579,1.0507424426329046,14.958475700004783,546.2361076676005,160.34844444444445,8,0.17441666666666666,161566.28456574344,276.2728888888889,9,0.03994444444444444,648865.9491038419,477.18044444444445,5,0.0,7416555.093585511,477.6497078346631,151.3311111111111,10,0.0,795289.9501018934,342.932,13,0.0,3437949.2046142463,1.0,2.0
w_switch,25.999999999976353,0.026383112374871575,0.9476849329656579,1.0506269574007097,14.009405800003151,546.4613678963135,160.56933333333333,7,0.17441666666666666,162286.75877433282,276.536,9,0.03994444444444444,652230.5918661327,466.976,5,0.0,7372207.063901176,474.0964073018545,142.8022222222222,17,0.0,751517.3230561708,337.4577777777778,13,0.0,3347270.837126082,1.0,5.0
w_switch,23.399999999978718,0.0219132004028568,0.9481323313905449,1.0508931900120781,14.190996299999824,545.7496663330152,159.52311111111112,10,0.1751388888888889,160292.8271598674,276.74755555555555,13,0.04036111111111111,645979.9123074451,492.8248888888889,10,0.0,7465048.216078849,479.46862864752063,166.06,10,0.0,869772.8354613539,425.09155555555554,9,0.0,4124703.243078827,2.0,0.2
w_switch,23.599999999978536,0.021926002573336333,0.9481323313905449,1.0508931900120781,14.168531499999517,545.7496663330152,159.52311111111112,10,0.1751388888888889,160292.8271598674,276.74755555555555,13,0.04036111111111111,645979.9123074451,492.8248888888889,10,0.0,7465048.216078849,479.47064325787625,165.52444444444444,10,0.0,867041.6139707498,425.98044444444446,9,0.0,4130197.5842652307,2.0,0.5
w_switch,23.599999999978536,0.02459545177469722,0.9481323313905449,1.0507424426329046,14.588184600004752,545.8456129102378,159.7062222222222,13,0.1751388888888889,160645.1868303129,276.86044444444445,16,0.04036111111111111,646768.7990820071,490.2648888888889,12,0.0,7457081.034447791,475.84904663646853,165.85555555555555,10,0.0,868118.5986909246,348.72977777777777,13,0.0,3510811.32197593,2.0,1.0
w_switch,23.29999999997881,0.021275705665956136,0.9483678009766725,1.0508931900120781,14.839553300000262,545.7496663330152,159.52311111111112,10,0.1751388888888889,160292.8271598674,276.74755555555555,13,0.04036111111111111,645979.9123074451,492.8248888888889,10,0.0,7465048.216078849,478.79579489816024,162.74444444444444,18,0.0,852845.8123346143,406.21155555555555,11,0.0,3996838.8478328288,2.0,2.0
w_switch,21.799999999980173,0.026745076855700756,0.9481751494171737,1.0508931900120781,14.497461499995552,546.1721878463248,159.40044444444445,10,0.17441666666666666,160538.21411421735,276.9137777777778,9,0.04036111111111111,646963.1540222848,483.72266666666667,6,0.0,7436543.809978311,477.8099663743321,139.48888888888888,17,0.0,734493.6684250336,408.55822222222224,14,0.0,4010394.2265709136,2.0,5.0
w_switch,27.099999999975353,0.02491186399353569,0.9480317944521224,1.0508931900120781,13.936144500003138,547.099434341042,160.30488888888888,11,0.17441666666666666,161849.6247396084,282.0226666666667,15,0.041416666666666664,663418.2629539582,484.3982222222222,6,0.0,7434724.497217236,479.0183849518898,167.48666666666668,11,0.0,877020.85445478,410.85155555555554,10,0.0,4023847.2877362096,5.0,0.2
w_switch,27.099999999975353,0.02491186399353569,0.9480317944521224,1.0508931900120781,14.509237199999916,547.099434341042,160.30488888888888,11,0.17441666666666666,161849.6247396084,282.0226666666667,15,0.041416666666666664,663418.2629539582,484.3982222222222,6,0.0,7434724.497217236,479.03328958944934,166.08666666666667,11,0.0,869897.0130831528,412.36266666666666,10,0.0,4035665.2249828414,5.0,0.5
w_switch,29.39999999997326,0.02632400418492707,0.9480317944521224,1.0508931900120781,14.653506499998912,547.1715280090858,160.34755555555554,7,0.17441666666666666,161933.96942074722,282.1448888888889,17,0.041416666666666664,664485.2345339335,485.6071111111111,6,0.0,7438511.29099974,479.1218683814996,164.0222222222222,10,0.0,859797.6074008988,422.9937777777778,10,0.0,4113149.0056462963,5.0,1.0
w_switch,25.3999999999769,0.02642677664830869,0.9480317944521224,1.0508931900120781,14.07327780000196,547.1651742351413,160.39377777777779,10,0.17441666666666666,162028.85212677944,282.0142222222222,12,0.041416666666666664,663350.0090745392,485.89155555555556,6,0.0,7439374.587854701,478.85162747655147,159.83555555555554,18,0.0,838370.852368497,410.8871111111111,10,0.0,4037656.2276277533,5.0,2.0
w_switch,32.199999999970714,0.03396799884297769,0.9480317944521224,1.0508931900120781,13.90167030000157,547.2147020782705,160.49866666666668,11,0.17441666666666666,162153.43697810877,281.95866666666666,12,0.04138888888888889,663497.0126460124,486.9582222222222,6,0.0,7442713.94721025,478.6839904526492,152.89555555555555,17,0.0,803018.8352518646,425.7848888888889,8,0.0,4134499.0344591914,5.0,5.0
