bus_a,bus_b,model,max_replicas,max_gpus,hosting_capacity_kw,hosting_capacity_MW
814r,816,Llama-3.1-8B,2102,2102,2942.8,2.9428
814r,816,Llama-3.1-70B,574,2296,3214.4,3.2144
814r,816,Llama-3.1-405B,281,2248,3147.2,3.1471999999999998
814r,816,Qwen3-30B-A3B,1223,2446,3424.4,3.4244
814r,816,Qwen3-235B-A22B,305,2440,3416.0,3.416
814r,824,Llama-3.1-8B,2039,2039,2854.6,2.8546
814r,824,Llama-3.1-70B,540,2160,3024.0,3.024
814r,824,Llama-3.1-405B,267,2136,2990.4,2.9904
814r,824,Qwen3-30B-A3B,1156,2312,3236.8,3.2368
814r,824,Qwen3-235B-A22B,288,2304,3225.6,3.2256
814r,828,Llama-3.1-8B,1984,1984,2777.6,2.7776
814r,828,Llama-3.1-70B,536,2144,3001.6,3.0016
814r,828,Llama-3.1-405B,260,2080,2912.0,2.912
814r,828,Qwen3-30B-A3B,1160,2320,3248.0,3.248
814r,828,Qwen3-235B-A22B,288,2304,3225.6,3.2256
814r,830,Llama-3.1-8B,1792,1792,2508.8,2.5088000000000004
814r,830,Llama-3.1-70B,484,1936,2710.4,2.7104
814r,830,Llama-3.1-405B,239,1912,2676.8,2.6768
814r,830,Qwen3-30B-A3B,1038,2076,2906.4,2.9064
814r,830,Qwen3-235B-A22B,260,2080,2912.0,2.912
814r,832,Llama-3.1-8B,1440,1440,2016.0,2.016
814r,832,Llama-3.1-70B,394,1576,2206.4,2.2064
814r,832,Llama-3.1-405B,191,1528,2139.2,2.1391999999999998
814r,832,Qwen3-30B-A3B,847,1694,2371.6,2.3716
814r,832,Qwen3-235B-A22B,212,1696,2374.4,2.3744
814r,834,Llama-3.1-8B,1426,1426,1996.4,1.9964000000000002
814r,834,Llama-3.1-70B,390,1560,2184.0,2.184
814r,834,Llama-3.1-405B,191,1528,2139.2,2.1391999999999998
814r,834,Qwen3-30B-A3B,840,1680,2352.0,2.352
814r,834,Qwen3-235B-A22B,208,1664,2329.6,2.3296
814r,836,Llama-3.1-8B,1415,1415,1981.0,1.981
814r,836,Llama-3.1-70B,390,1560,2184.0,2.184
814r,836,Llama-3.1-405B,187,1496,2094.4,2.0944000000000003
814r,836,Qwen3-30B-A3B,833,1666,2332.4,2.3324000000000003
814r,836,Qwen3-235B-A22B,208,1664,2329.6,2.3296
814r,840,Llama-3.1-8B,1415,1415,1981.0,1.981
814r,840,Llama-3.1-70B,390,1560,2184.0,2.184
814r,840,Llama-3.1-405B,187,1496,2094.4,2.0944000000000003
814r,840,Qwen3-30B-A3B,833,1666,2332.4,2.3324000000000003
814r,840,Qwen3-235B-A22B,208,1664,2329.6,2.3296
814r,842,Llama-3.1-8B,1426,1426,1996.4,1.9964000000000002
814r,842,Llama-3.1-70B,390,1560,2184.0,2.184
814r,842,Llama-3.1-405B,191,1528,2139.2,2.1391999999999998
814r,842,Qwen3-30B-A3B,840,1680,2352.0,2.352
814r,842,Qwen3-235B-A22B,208,1664,2329.6,2.3296
814r,844,Llama-3.1-8B,1422,1422,1990.8,1.9908
814r,844,Llama-3.1-70B,390,1560,2184.0,2.184
814r,844,Llama-3.1-405B,187,1496,2094.4,2.0944000000000003
814r,844,Qwen3-30B-A3B,840,1680,2352.0,2.352
814r,844,Qwen3-235B-A22B,208,1664,2329.6,2.3296
814r,846,Llama-3.1-8B,1415,1415,1981.0,1.981
814r,846,Llama-3.1-70B,390,1560,2184.0,2.184
814r,846,Llama-3.1-405B,187,1496,2094.4,2.0944000000000003
814r,846,Qwen3-30B-A3B,833,1666,2332.4,2.3324000000000003
814r,846,Qwen3-235B-A22B,208,1664,2329.6,2.3296
814r,848,Llama-3.1-8B,1415,1415,1981.0,1.981
814r,848,Llama-3.1-70B,390,1560,2184.0,2.184
814r,848,Llama-3.1-405B,187,1496,2094.4,2.0944000000000003
814r,848,Qwen3-30B-A3B,833,1666,2332.4,2.3324000000000003
814r,848,Qwen3-235B-A22B,208,1664,2329.6,2.3296
814r,850,Llama-3.1-8B,2102,2102,2942.8,2.9428
814r,850,Llama-3.1-70B,577,2308,3231.2,3.2312
814r,850,Llama-3.1-405B,281,2248,3147.2,3.1471999999999998
814r,850,Qwen3-30B-A3B,1223,2446,3424.4,3.4244
814r,850,Qwen3-235B-A22B,305,2440,3416.0,3.416
814r,852,Llama-3.1-8B,1464,1464,2049.6,2.0496
814r,852,Llama-3.1-70B,401,1604,2245.6,2.2456
814r,852,Llama-3.1-405B,194,1552,2172.8,2.1728
814r,852,Qwen3-30B-A3B,864,1728,2419.2,2.4192
814r,852,Qwen3-235B-A22B,215,1720,2408.0,2.408
814r,852r,Llama-3.1-8B,1440,1440,2016.0,2.016
814r,852r,Llama-3.1-70B,394,1576,2206.4,2.2064
814r,852r,Llama-3.1-405B,191,1528,2139.2,2.1391999999999998
814r,852r,Qwen3-30B-A3B,847,1694,2371.6,2.3716
814r,852r,Qwen3-235B-A22B,212,1696,2374.4,2.3744
814r,854,Llama-3.1-8B,1754,1754,2455.6,2.4556
814r,854,Llama-3.1-70B,480,1920,2688.0,2.688
814r,854,Llama-3.1-405B,239,1912,2676.8,2.6768
814r,854,Qwen3-30B-A3B,1035,2070,2898.0,2.898
814r,854,Qwen3-235B-A22B,260,2080,2912.0,2.912
814r,858,Llama-3.1-8B,1433,1433,2006.2,2.0062
814r,858,Llama-3.1-70B,390,1560,2184.0,2.184
814r,858,Llama-3.1-405B,191,1528,2139.2,2.1391999999999998
814r,858,Qwen3-30B-A3B,843,1686,2360.4,2.3604000000000003
814r,858,Qwen3-235B-A22B,212,1696,2374.4,2.3744
814r,860,Llama-3.1-8B,1419,1419,1986.6,1.9866
814r,860,Llama-3.1-70B,390,1560,2184.0,2.184
814r,860,Llama-3.1-405B,187,1496,2094.4,2.0944000000000003
814r,860,Qwen3-30B-A3B,840,1680,2352.0,2.352
814r,860,Qwen3-235B-A22B,208,1664,2329.6,2.3296
814r,862,Llama-3.1-8B,1415,1415,1981.0,1.981
814r,862,Llama-3.1-70B,390,1560,2184.0,2.184
814r,862,Llama-3.1-405B,187,1496,2094.4,2.0944000000000003
814r,862,Qwen3-30B-A3B,829,1658,2321.2,2.3211999999999997
814r,862,Qwen3-235B-A22B,208,1664,2329.6,2.3296
816,824,Llama-3.1-8B,2039,2039,2854.6,2.8546
816,824,Llama-3.1-70B,536,2144,3001.6,3.0016
816,824,Llama-3.1-405B,263,2104,2945.6,2.9455999999999998
816,824,Qwen3-30B-A3B,1153,2306,3228.4,3.2284
816,824,Qwen3-235B-A22B,288,2304,3225.6,3.2256
816,828,Llama-3.1-8B,1949,1949,2728.6,2.7285999999999997
816,828,Llama-3.1-70B,536,2144,3001.6,3.0016
816,828,Llama-3.1-405B,260,2080,2912.0,2.912
816,828,Qwen3-30B-A3B,1160,2320,3248.0,3.248
816,828,Qwen3-235B-A22B,288,2304,3225.6,3.2256
816,830,Llama-3.1-8B,1757,1757,2459.8,2.4598
816,830,Llama-3.1-70B,480,1920,2688.0,2.688
816,830,Llama-3.1-405B,239,1912,2676.8,2.6768
816,830,Qwen3-30B-A3B,1035,2070,2898.0,2.898
816,830,Qwen3-235B-A22B,260,2080,2912.0,2.912
816,832,Llama-3.1-8B,1440,1440,2016.0,2.016
816,832,Llama-3.1-70B,394,1576,2206.4,2.2064
816,832,Llama-3.1-405B,191,1528,2139.2,2.1391999999999998
816,832,Qwen3-30B-A3B,847,1694,2371.6,2.3716
816,832,Qwen3-235B-A22B,212,1696,2374.4,2.3744
816,834,Llama-3.1-8B,1419,1419,1986.6,1.9866
816,834,Llama-3.1-70B,390,1560,2184.0,2.184
816,834,Llama-3.1-405B,187,1496,2094.4,2.0944000000000003
816,834,Qwen3-30B-A3B,840,1680,2352.0,2.352
816,834,Qwen3-235B-A22B,208,1664,2329.6,2.3296
816,836,Llama-3.1-8B,1415,1415,1981.0,1.981
816,836,Llama-3.1-70B,390,1560,2184.0,2.184
816,836,Llama-3.1-405B,187,1496,2094.4,2.0944000000000003
816,836,Qwen3-30B-A3B,829,1658,2321.2,2.3211999999999997
816,836,Qwen3-235B-A22B,208,1664,2329.6,2.3296
816,840,Llama-3.1-8B,1415,1415,1981.0,1.981
816,840,Llama-3.1-70B,390,1560,2184.0,2.184
816,840,Llama-3.1-405B,187,1496,2094.4,2.0944000000000003
816,840,Qwen3-30B-A3B,829,1658,2321.2,2.3211999999999997
816,840,Qwen3-235B-A22B,208,1664,2329.6,2.3296
816,842,Llama-3.1-8B,1419,1419,1986.6,1.9866
816,842,Llama-3.1-70B,390,1560,2184.0,2.184
816,842,Llama-3.1-405B,187,1496,2094.4,2.0944000000000003
816,842,Qwen3-30B-A3B,840,1680,2352.0,2.352
816,842,Qwen3-235B-A22B,208,1664,2329.6,2.3296
816,844,Llama-3.1-8B,1415,1415,1981.0,1.981
816,844,Llama-3.1-70B,390,1560,2184.0,2.184
816,844,Llama-3.1-405B,187,1496,2094.4,2.0944000000000003
816,844,Qwen3-30B-A3B,840,1680,2352.0,2.352
816,844,Qwen3-235B-A22B,208,1664,2329.6,2.3296
816,846,Llama-3.1-8B,1415,1415,1981.0,1.981
816,846,Llama-3.1-70B,390,1560,2184.0,2.184
816,846,Llama-3.1-405B,187,1496,2094.4,2.0944000000000003
816,846,Qwen3-30B-A3B,829,1658,2321.2,2.3211999999999997
816,846,Qwen3-235B-A22B,208,1664,2329.6,2.3296
816,848,Llama-3.1-8B,1415,1415,1981.0,1.981
816,848,Llama-3.1-70B,390,1560,2184.0,2.184
816,848,Llama-3.1-405B,187,1496,2094.4,2.0944000000000003
816,848,Qwen3-30B-A3B,829,1658,2321.2,2.3211999999999997
816,848,Qwen3-235B-A22B,208,1664,2329.6,2.3296
816,850,Llama-3.1-8B,2102,2102,2942.8,2.9428
816,850,Llama-3.1-70B,574,2296,3214.4,3.2144
816,850,Llama-3.1-405B,281,2248,3147.2,3.1471999999999998
816,850,Qwen3-30B-A3B,1223,2446,3424.4,3.4244
816,850,Qwen3-235B-A22B,305,2440,3416.0,3.416
816,852,Llama-3.1-8B,1464,1464,2049.6,2.0496
816,852,Llama-3.1-70B,401,1604,2245.6,2.2456
816,852,Llama-3.1-405B,194,1552,2172.8,2.1728
816,852,Qwen3-30B-A3B,864,1728,2419.2,2.4192
816,852,Qwen3-235B-A22B,215,1720,2408.0,2.408
816,852r,Llama-3.1-8B,1440,1440,2016.0,2.016
816,852r,Llama-3.1-70B,394,1576,2206.4,2.2064
816,852r,Llama-3.1-405B,191,1528,2139.2,2.1391999999999998
816,852r,Qwen3-30B-A3B,847,1694,2371.6,2.3716
816,852r,Qwen3-235B-A22B,212,1696,2374.4,2.3744
816,854,Llama-3.1-8B,1750,1750,2450.0,2.45
816,854,Llama-3.1-70B,480,1920,2688.0,2.688
816,854,Llama-3.1-405B,239,1912,2676.8,2.6768
816,854,Qwen3-30B-A3B,1031,2062,2886.8,2.8868
816,854,Qwen3-235B-A22B,260,2080,2912.0,2.912
816,858,Llama-3.1-8B,1429,1429,2000.6,2.0006
816,858,Llama-3.1-70B,390,1560,2184.0,2.184
816,858,Llama-3.1-405B,191,1528,2139.2,2.1391999999999998
816,858,Qwen3-30B-A3B,840,1680,2352.0,2.352
816,858,Qwen3-235B-A22B,212,1696,2374.4,2.3744
816,860,Llama-3.1-8B,1415,1415,1981.0,1.981
816,860,Llama-3.1-70B,390,1560,2184.0,2.184
816,860,Llama-3.1-405B,187,1496,2094.4,2.0944000000000003
816,860,Qwen3-30B-A3B,833,1666,2332.4,2.3324000000000003
816,860,Qwen3-235B-A22B,208,1664,2329.6,2.3296
816,862,Llama-3.1-8B,1415,1415,1981.0,1.981
816,862,Llama-3.1-70B,390,1560,2184.0,2.184
816,862,Llama-3.1-405B,187,1496,2094.4,2.0944000000000003
816,862,Qwen3-30B-A3B,829,1658,2321.2,2.3211999999999997
816,862,Qwen3-235B-A22B,208,1664,2329.6,2.3296
824,828,Llama-3.1-8B,1910,1910,2674.0,2.674
824,828,Llama-3.1-70B,501,2004,2805.6,2.8056
824,828,Llama-3.1-405B,246,1968,2755.2,2.7552
824,828,Qwen3-30B-A3B,1080,2160,3024.0,3.024
824,828,Qwen3-235B-A22B,270,2160,3024.0,3.024
824,830,Llama-3.1-8B,1670,1670,2338.0,2.338
824,830,Llama-3.1-70B,477,1908,2671.2,2.6712
824,830,Llama-3.1-405B,222,1776,2486.4,2.4864
824,830,Qwen3-30B-A3B,982,1964,2749.6,2.7496
824,830,Qwen3-235B-A22B,246,1968,2755.2,2.7552
824,832,Llama-3.1-8B,1370,1370,1918.0,1.918
824,832,Llama-3.1-70B,376,1504,2105.6,2.1056
824,832,Llama-3.1-405B,184,1472,2060.8,2.0608
824,832,Qwen3-30B-A3B,812,1624,2273.6,2.2736
824,832,Qwen3-235B-A22B,201,1608,2251.2,2.2512
824,834,Llama-3.1-8B,1363,1363,1908.2,1.9082000000000001
824,834,Llama-3.1-70B,373,1492,2088.8,2.0888
824,834,Llama-3.1-405B,180,1440,2016.0,2.016
824,834,Qwen3-30B-A3B,801,1602,2242.8,2.2428000000000003
824,834,Qwen3-235B-A22B,201,1608,2251.2,2.2512
824,836,Llama-3.1-8B,1359,1359,1902.6,1.9025999999999998
824,836,Llama-3.1-70B,369,1476,2066.4,2.0664000000000002
824,836,Llama-3.1-405B,180,1440,2016.0,2.016
824,836,Qwen3-30B-A3B,801,1602,2242.8,2.2428000000000003
824,836,Qwen3-235B-A22B,201,1608,2251.2,2.2512
824,840,Llama-3.1-8B,1359,1359,1902.6,1.9025999999999998
824,840,Llama-3.1-70B,369,1476,2066.4,2.0664000000000002
824,840,Llama-3.1-405B,180,1440,2016.0,2.016
824,840,Qwen3-30B-A3B,801,1602,2242.8,2.2428000000000003
824,840,Qwen3-235B-A22B,201,1608,2251.2,2.2512
824,842,Llama-3.1-8B,1363,1363,1908.2,1.9082000000000001
824,842,Llama-3.1-70B,373,1492,2088.8,2.0888
824,842,Llama-3.1-405B,180,1440,2016.0,2.016
824,842,Qwen3-30B-A3B,801,1602,2242.8,2.2428000000000003
824,842,Qwen3-235B-A22B,201,1608,2251.2,2.2512
824,844,Llama-3.1-8B,1359,1359,1902.6,1.9025999999999998
824,844,Llama-3.1-70B,373,1492,2088.8,2.0888
824,844,Llama-3.1-405B,180,1440,2016.0,2.016
824,844,Qwen3-30B-A3B,801,1602,2242.8,2.2428000000000003
824,844,Qwen3-235B-A22B,201,1608,2251.2,2.2512
824,846,Llama-3.1-8B,1359,1359,1902.6,1.9025999999999998
824,846,Llama-3.1-70B,369,1476,2066.4,2.0664000000000002
824,846,Llama-3.1-405B,180,1440,2016.0,2.016
824,846,Qwen3-30B-A3B,801,1602,2242.8,2.2428000000000003
824,846,Qwen3-235B-A22B,201,1608,2251.2,2.2512
824,848,Llama-3.1-8B,1359,1359,1902.6,1.9025999999999998
824,848,Llama-3.1-70B,369,1476,2066.4,2.0664000000000002
824,848,Llama-3.1-405B,180,1440,2016.0,2.016
824,848,Qwen3-30B-A3B,801,1602,2242.8,2.2428000000000003
824,848,Qwen3-235B-A22B,201,1608,2251.2,2.2512
824,850,Llama-3.1-8B,2039,2039,2854.6,2.8546
824,850,Llama-3.1-70B,540,2160,3024.0,3.024
824,850,Llama-3.1-405B,263,2104,2945.6,2.9455999999999998
824,850,Qwen3-30B-A3B,1156,2312,3236.8,3.2368
824,850,Qwen3-235B-A22B,288,2304,3225.6,3.2256
824,852,Llama-3.1-8B,1391,1391,1947.4,1.9474
824,852,Llama-3.1-70B,383,1532,2144.8,2.1448
824,852,Llama-3.1-405B,187,1496,2094.4,2.0944000000000003
824,852,Qwen3-30B-A3B,822,1644,2301.6,2.3016
824,852,Qwen3-235B-A22B,205,1640,2296.0,2.296
824,852r,Llama-3.1-8B,1370,1370,1918.0,1.918
824,852r,Llama-3.1-70B,376,1504,2105.6,2.1056
824,852r,Llama-3.1-405B,184,1472,2060.8,2.0608
824,852r,Qwen3-30B-A3B,812,1624,2273.6,2.2736
824,852r,Qwen3-235B-A22B,201,1608,2251.2,2.2512
824,854,Llama-3.1-8B,1670,1670,2338.0,2.338
824,854,Llama-3.1-70B,463,1852,2592.8,2.5928
824,854,Llama-3.1-405B,226,1808,2531.2,2.5311999999999997
824,854,Qwen3-30B-A3B,982,1964,2749.6,2.7496
824,854,Qwen3-235B-A22B,246,1968,2755.2,2.7552
824,858,Llama-3.1-8B,1366,1366,1912.4,1.9124
824,858,Llama-3.1-70B,376,1504,2105.6,2.1056
824,858,Llama-3.1-405B,180,1440,2016.0,2.016
824,858,Qwen3-30B-A3B,805,1610,2254.0,2.254
824,858,Qwen3-235B-A22B,201,1608,2251.2,2.2512
824,860,Llama-3.1-8B,1359,1359,1902.6,1.9025999999999998
824,860,Llama-3.1-70B,373,1492,2088.8,2.0888
824,860,Llama-3.1-405B,180,1440,2016.0,2.016
824,860,Qwen3-30B-A3B,801,1602,2242.8,2.2428000000000003
824,860,Qwen3-235B-A22B,201,1608,2251.2,2.2512
824,862,Llama-3.1-8B,1359,1359,1902.6,1.9025999999999998
824,862,Llama-3.1-70B,369,1476,2066.4,2.0664000000000002
824,862,Llama-3.1-405B,180,1440,2016.0,2.016
824,862,Qwen3-30B-A3B,801,1602,2242.8,2.2428000000000003
824,862,Qwen3-235B-A22B,201,1608,2251.2,2.2512
828,830,Llama-3.1-8B,1663,1663,2328.2,2.3282
828,830,Llama-3.1-70B,456,1824,2553.6,2.5536
828,830,Llama-3.1-405B,229,1832,2564.8,2.5648
828,830,Qwen3-30B-A3B,979,1958,2741.2,2.7411999999999996
828,830,Qwen3-235B-A22B,246,1968,2755.2,2.7552
828,832,Llama-3.1-8B,1366,1366,1912.4,1.9124
828,832,Llama-3.1-70B,376,1504,2105.6,2.1056
828,832,Llama-3.1-405B,180,1440,2016.0,2.016
828,832,Qwen3-30B-A3B,805,1610,2254.0,2.254
828,832,Qwen3-235B-A22B,201,1608,2251.2,2.2512
828,834,Llama-3.1-8B,1359,1359,1902.6,1.9025999999999998
828,834,Llama-3.1-70B,369,1476,2066.4,2.0664000000000002
828,834,Llama-3.1-405B,180,1440,2016.0,2.016
828,834,Qwen3-30B-A3B,801,1602,2242.8,2.2428000000000003
828,834,Qwen3-235B-A22B,201,1608,2251.2,2.2512
828,836,Llama-3.1-8B,1352,1352,1892.8,1.8928
828,836,Llama-3.1-70B,369,1476,2066.4,2.0664000000000002
828,836,Llama-3.1-405B,180,1440,2016.0,2.016
828,836,Qwen3-30B-A3B,798,1596,2234.4,2.2344
828,836,Qwen3-235B-A22B,198,1584,2217.6,2.2176
828,840,Llama-3.1-8B,1352,1352,1892.8,1.8928
828,840,Llama-3.1-70B,369,1476,2066.4,2.0664000000000002
828,840,Llama-3.1-405B,180,1440,2016.0,2.016
828,840,Qwen3-30B-A3B,798,1596,2234.4,2.2344
828,840,Qwen3-235B-A22B,198,1584,2217.6,2.2176
828,842,Llama-3.1-8B,1359,1359,1902.6,1.9025999999999998
828,842,Llama-3.1-70B,369,1476,2066.4,2.0664000000000002
828,842,Llama-3.1-405B,180,1440,2016.0,2.016
828,842,Qwen3-30B-A3B,801,1602,2242.8,2.2428000000000003
828,842,Qwen3-235B-A22B,201,1608,2251.2,2.2512
828,844,Llama-3.1-8B,1359,1359,1902.6,1.9025999999999998
828,844,Llama-3.1-70B,369,1476,2066.4,2.0664000000000002
828,844,Llama-3.1-405B,180,1440,2016.0,2.016
828,844,Qwen3-30B-A3B,798,1596,2234.4,2.2344
828,844,Qwen3-235B-A22B,198,1584,2217.6,2.2176
828,846,Llama-3.1-8B,1352,1352,1892.8,1.8928
828,846,Llama-3.1-70B,369,1476,2066.4,2.0664000000000002
828,846,Llama-3.1-405B,180,1440,2016.0,2.016
828,846,Qwen3-30B-A3B,798,1596,2234.4,2.2344
828,846,Qwen3-235B-A22B,198,1584,2217.6,2.2176
828,848,Llama-3.1-8B,1352,1352,1892.8,1.8928
828,848,Llama-3.1-70B,369,1476,2066.4,2.0664000000000002
828,848,Llama-3.1-405B,180,1440,2016.0,2.016
828,848,Qwen3-30B-A3B,798,1596,2234.4,2.2344
828,848,Qwen3-235B-A22B,198,1584,2217.6,2.2176
828,850,Llama-3.1-8B,1984,1984,2777.6,2.7776
828,850,Llama-3.1-70B,536,2144,3001.6,3.0016
828,850,Llama-3.1-405B,260,2080,2912.0,2.912
828,850,Qwen3-30B-A3B,1160,2320,3248.0,3.248
828,850,Qwen3-235B-A22B,288,2304,3225.6,3.2256
828,852,Llama-3.1-8B,1391,1391,1947.4,1.9474
828,852,Llama-3.1-70B,380,1520,2128.0,2.128
828,852,Llama-3.1-405B,184,1472,2060.8,2.0608
828,852,Qwen3-30B-A3B,822,1644,2301.6,2.3016
828,852,Qwen3-235B-A22B,205,1640,2296.0,2.296
828,852r,Llama-3.1-8B,1366,1366,1912.4,1.9124
828,852r,Llama-3.1-70B,376,1504,2105.6,2.1056
828,852r,Llama-3.1-405B,180,1440,2016.0,2.016
828,852r,Qwen3-30B-A3B,805,1610,2254.0,2.254
828,852r,Qwen3-235B-A22B,201,1608,2251.2,2.2512
828,854,Llama-3.1-8B,1656,1656,2318.4,2.3184
828,854,Llama-3.1-70B,446,1784,2497.6,2.4976
828,854,Llama-3.1-405B,222,1776,2486.4,2.4864
828,854,Qwen3-30B-A3B,1007,2014,2819.6,2.8196
828,854,Qwen3-235B-A22B,242,1936,2710.4,2.7104
828,858,Llama-3.1-8B,1366,1366,1912.4,1.9124
828,858,Llama-3.1-70B,376,1504,2105.6,2.1056
828,858,Llama-3.1-405B,180,1440,2016.0,2.016
828,858,Qwen3-30B-A3B,801,1602,2242.8,2.2428000000000003
828,858,Qwen3-235B-A22B,201,1608,2251.2,2.2512
828,860,Llama-3.1-8B,1359,1359,1902.6,1.9025999999999998
828,860,Llama-3.1-70B,369,1476,2066.4,2.0664000000000002
828,860,Llama-3.1-405B,180,1440,2016.0,2.016
828,860,Qwen3-30B-A3B,798,1596,2234.4,2.2344
828,860,Qwen3-235B-A22B,198,1584,2217.6,2.2176
828,862,Llama-3.1-8B,1352,1352,1892.8,1.8928
828,862,Llama-3.1-70B,369,1476,2066.4,2.0664000000000002
828,862,Llama-3.1-405B,180,1440,2016.0,2.016
828,862,Qwen3-30B-A3B,798,1596,2234.4,2.2344
828,862,Qwen3-235B-A22B,198,1584,2217.6,2.2176
830,832,Llama-3.1-8B,1262,1262,1766.8,1.7668
830,832,Llama-3.1-70B,345,1380,1932.0,1.932
830,832,Llama-3.1-405B,166,1328,1859.2,1.8592
830,832,Qwen3-30B-A3B,742,1484,2077.6,2.0776
830,832,Qwen3-235B-A22B,184,1472,2060.8,2.0608
830,834,Llama-3.1-8B,1248,1248,1747.2,1.7472
830,834,Llama-3.1-70B,341,1364,1909.6,1.9096
830,834,Llama-3.1-405B,166,1328,1859.2,1.8592
830,834,Qwen3-30B-A3B,731,1462,2046.8,2.0468
830,834,Qwen3-235B-A22B,184,1472,2060.8,2.0608
830,836,Llama-3.1-8B,1248,1248,1747.2,1.7472
830,836,Llama-3.1-70B,341,1364,1909.6,1.9096
830,836,Llama-3.1-405B,166,1328,1859.2,1.8592
830,836,Qwen3-30B-A3B,731,1462,2046.8,2.0468
830,836,Qwen3-235B-A22B,184,1472,2060.8,2.0608
830,840,Llama-3.1-8B,1248,1248,1747.2,1.7472
830,840,Llama-3.1-70B,341,1364,1909.6,1.9096
830,840,Llama-3.1-405B,166,1328,1859.2,1.8592
830,840,Qwen3-30B-A3B,731,1462,2046.8,2.0468
830,840,Qwen3-235B-A22B,184,1472,2060.8,2.0608
830,842,Llama-3.1-8B,1248,1248,1747.2,1.7472
830,842,Llama-3.1-70B,341,1364,1909.6,1.9096
830,842,Llama-3.1-405B,166,1328,1859.2,1.8592
830,842,Qwen3-30B-A3B,731,1462,2046.8,2.0468
830,842,Qwen3-235B-A22B,184,1472,2060.8,2.0608
830,844,Llama-3.1-8B,1248,1248,1747.2,1.7472
830,844,Llama-3.1-70B,341,1364,1909.6,1.9096
830,844,Llama-3.1-405B,166,1328,1859.2,1.8592
830,844,Qwen3-30B-A3B,731,1462,2046.8,2.0468
830,844,Qwen3-235B-A22B,184,1472,2060.8,2.0608
830,846,Llama-3.1-8B,1248,1248,1747.2,1.7472
830,846,Llama-3.1-70B,341,1364,1909.6,1.9096
830,846,Llama-3.1-405B,166,1328,1859.2,1.8592
830,846,Qwen3-30B-A3B,731,1462,2046.8,2.0468
830,846,Qwen3-235B-A22B,184,1472,2060.8,2.0608
830,848,Llama-3.1-8B,1248,1248,1747.2,1.7472
830,848,Llama-3.1-70B,341,1364,1909.6,1.9096
830,848,Llama-3.1-405B,166,1328,1859.2,1.8592
830,848,Qwen3-30B-A3B,731,1462,2046.8,2.0468
830,848,Qwen3-235B-A22B,184,1472,2060.8,2.0608
830,850,Llama-3.1-8B,1792,1792,2508.8,2.5088000000000004
830,850,Llama-3.1-70B,484,1936,2710.4,2.7104
830,850,Llama-3.1-405B,239,1912,2676.8,2.6768
830,850,Qwen3-30B-A3B,1038,2076,2906.4,2.9064
830,850,Qwen3-235B-A22B,260,2080,2912.0,2.912
830,852,Llama-3.1-8B,1269,1269,1776.6,1.7766
830,852,Llama-3.1-70B,352,1408,1971.2,1.9712
830,852,Llama-3.1-405B,170,1360,1904.0,1.904
830,852,Qwen3-30B-A3B,752,1504,2105.6,2.1056
830,852,Qwen3-235B-A22B,187,1496,2094.4,2.0944000000000003
830,852r,Llama-3.1-8B,1262,1262,1766.8,1.7668
830,852r,Llama-3.1-70B,345,1380,1932.0,1.932
830,852r,Llama-3.1-405B,166,1328,1859.2,1.8592
830,852r,Qwen3-30B-A3B,742,1484,2077.6,2.0776
830,852r,Qwen3-235B-A22B,184,1472,2060.8,2.0608
830,854,Llama-3.1-8B,1503,1503,2104.2,2.1041999999999996
830,854,Llama-3.1-70B,411,1644,2301.6,2.3016
830,854,Llama-3.1-405B,201,1608,2251.2,2.2512
830,854,Qwen3-30B-A3B,885,1770,2478.0,2.478
830,854,Qwen3-235B-A22B,222,1776,2486.4,2.4864
830,858,Llama-3.1-8B,1248,1248,1747.2,1.7472
830,858,Llama-3.1-70B,345,1380,1932.0,1.932
830,858,Llama-3.1-405B,166,1328,1859.2,1.8592
830,858,Qwen3-30B-A3B,738,1476,2066.4,2.0664000000000002
830,858,Qwen3-235B-A22B,184,1472,2060.8,2.0608
830,860,Llama-3.1-8B,1248,1248,1747.2,1.7472
830,860,Llama-3.1-70B,341,1364,1909.6,1.9096
830,860,Llama-3.1-405B,166,1328,1859.2,1.8592
830,860,Qwen3-30B-A3B,731,1462,2046.8,2.0468
830,860,Qwen3-235B-A22B,184,1472,2060.8,2.0608
830,862,Llama-3.1-8B,1248,1248,1747.2,1.7472
830,862,Llama-3.1-70B,341,1364,1909.6,1.9096
830,862,Llama-3.1-405B,166,1328,1859.2,1.8592
830,862,Qwen3-30B-A3B,731,1462,2046.8,2.0468
830,862,Qwen3-235B-A22B,184,1472,2060.8,2.0608
832,834,Llama-3.1-8B,1078,1078,1509.2,1.5092
832,834,Llama-3.1-70B,296,1184,1657.6,1.6576
832,834,Llama-3.1-405B,142,1136,1590.4,1.5904
832,834,Qwen3-30B-A3B,634,1268,1775.2,1.7752000000000001
832,834,Qwen3-235B-A22B,159,1272,1780.8,1.7808
832,836,Llama-3.1-8B,1078,1078,1509.2,1.5092
832,836,Llama-3.1-70B,292,1168,1635.2,1.6352
832,836,Llama-3.1-405B,142,1136,1590.4,1.5904
832,836,Qwen3-30B-A3B,634,1268,1775.2,1.7752000000000001
832,836,Qwen3-235B-A22B,159,1272,1780.8,1.7808
832,840,Llama-3.1-8B,1078,1078,1509.2,1.5092
832,840,Llama-3.1-70B,292,1168,1635.2,1.6352
832,840,Llama-3.1-405B,142,1136,1590.4,1.5904
832,840,Qwen3-30B-A3B,634,1268,1775.2,1.7752000000000001
832,840,Qwen3-235B-A22B,159,1272,1780.8,1.7808
832,842,Llama-3.1-8B,1078,1078,1509.2,1.5092
832,842,Llama-3.1-70B,296,1184,1657.6,1.6576
832,842,Llama-3.1-405B,142,1136,1590.4,1.5904
832,842,Qwen3-30B-A3B,634,1268,1775.2,1.7752000000000001
832,842,Qwen3-235B-A22B,159,1272,1780.8,1.7808
832,844,Llama-3.1-8B,1078,1078,1509.2,1.5092
832,844,Llama-3.1-70B,296,1184,1657.6,1.6576
832,844,Llama-3.1-405B,142,1136,1590.4,1.5904
832,844,Qwen3-30B-A3B,634,1268,1775.2,1.7752000000000001
832,844,Qwen3-235B-A22B,159,1272,1780.8,1.7808
832,846,Llama-3.1-8B,1078,1078,1509.2,1.5092
832,846,Llama-3.1-70B,292,1168,1635.2,1.6352
832,846,Llama-3.1-405B,142,1136,1590.4,1.5904
832,846,Qwen3-30B-A3B,634,1268,1775.2,1.7752000000000001
832,846,Qwen3-235B-A22B,159,1272,1780.8,1.7808
832,848,Llama-3.1-8B,1078,1078,1509.2,1.5092
832,848,Llama-3.1-70B,292,1168,1635.2,1.6352
832,848,Llama-3.1-405B,142,1136,1590.4,1.5904
832,848,Qwen3-30B-A3B,634,1268,1775.2,1.7752000000000001
832,848,Qwen3-235B-A22B,159,1272,1780.8,1.7808
832,850,Llama-3.1-8B,1440,1440,2016.0,2.016
832,850,Llama-3.1-70B,394,1576,2206.4,2.2064
832,850,Llama-3.1-405B,191,1528,2139.2,2.1391999999999998
832,850,Qwen3-30B-A3B,847,1694,2371.6,2.3716
832,850,Qwen3-235B-A22B,212,1696,2374.4,2.3744
832,852,Llama-3.1-8B,1102,1102,1542.8,1.5428
832,852,Llama-3.1-70B,303,1212,1696.8,1.6967999999999999
832,852,Llama-3.1-405B,145,1160,1624.0,1.624
832,852,Qwen3-30B-A3B,648,1296,1814.4,1.8144
832,852,Qwen3-235B-A22B,163,1304,1825.6,1.8256
832,852r,Llama-3.1-8B,1085,1085,1519.0,1.519
832,852r,Llama-3.1-70B,299,1196,1674.4,1.6744
832,852r,Llama-3.1-405B,145,1160,1624.0,1.624
832,852r,Qwen3-30B-A3B,641,1282,1794.8,1.7948
832,852r,Qwen3-235B-A22B,159,1272,1780.8,1.7808
832,854,Llama-3.1-8B,1252,1252,1752.8,1.7528
832,854,Llama-3.1-70B,345,1380,1932.0,1.932
832,854,Llama-3.1-405B,166,1328,1859.2,1.8592
832,854,Qwen3-30B-A3B,738,1476,2066.4,2.0664000000000002
832,854,Qwen3-235B-A22B,184,1472,2060.8,2.0608
832,858,Llama-3.1-8B,1078,1078,1509.2,1.5092
832,858,Llama-3.1-70B,296,1184,1657.6,1.6576
832,858,Llama-3.1-405B,145,1160,1624.0,1.624
832,858,Qwen3-30B-A3B,638,1276,1786.4,1.7864
832,858,Qwen3-235B-A22B,159,1272,1780.8,1.7808
832,860,Llama-3.1-8B,1078,1078,1509.2,1.5092
832,860,Llama-3.1-70B,296,1184,1657.6,1.6576
832,860,Llama-3.1-405B,142,1136,1590.4,1.5904
832,860,Qwen3-30B-A3B,634,1268,1775.2,1.7752000000000001
832,860,Qwen3-235B-A22B,159,1272,1780.8,1.7808
832,862,Llama-3.1-8B,1078,1078,1509.2,1.5092
832,862,Llama-3.1-70B,292,1168,1635.2,1.6352
832,862,Llama-3.1-405B,142,1136,1590.4,1.5904
832,862,Qwen3-30B-A3B,634,1268,1775.2,1.7752000000000001
832,862,Qwen3-235B-A22B,159,1272,1780.8,1.7808
834,836,Llama-3.1-8B,1064,1064,1489.6,1.4895999999999998
834,836,Llama-3.1-70B,292,1168,1635.2,1.6352
834,836,Llama-3.1-405B,142,1136,1590.4,1.5904
834,836,Qwen3-30B-A3B,627,1254,1755.6,1.7555999999999998
834,836,Qwen3-235B-A22B,156,1248,1747.2,1.7472
834,840,Llama-3.1-8B,1064,1064,1489.6,1.4895999999999998
834,840,Llama-3.1-70B,292,1168,1635.2,1.6352
834,840,Llama-3.1-405B,142,1136,1590.4,1.5904
834,840,Qwen3-30B-A3B,627,1254,1755.6,1.7555999999999998
834,840,Qwen3-235B-A22B,156,1248,1747.2,1.7472
834,842,Llama-3.1-8B,1064,1064,1489.6,1.4895999999999998
834,842,Llama-3.1-70B,292,1168,1635.2,1.6352
834,842,Llama-3.1-405B,142,1136,1590.4,1.5904
834,842,Qwen3-30B-A3B,627,1254,1755.6,1.7555999999999998
834,842,Qwen3-235B-A22B,156,1248,1747.2,1.7472
834,844,Llama-3.1-8B,1064,1064,1489.6,1.4895999999999998
834,844,Llama-3.1-70B,292,1168,1635.2,1.6352
834,844,Llama-3.1-405B,142,1136,1590.4,1.5904
834,844,Qwen3-30B-A3B,627,1254,1755.6,1.7555999999999998
834,844,Qwen3-235B-A22B,156,1248,1747.2,1.7472
834,846,Llama-3.1-8B,1064,1064,1489.6,1.4895999999999998
834,846,Llama-3.1-70B,292,1168,1635.2,1.6352
834,846,Llama-3.1-405B,142,1136,1590.4,1.5904
834,846,Qwen3-30B-A3B,627,1254,1755.6,1.7555999999999998
834,846,Qwen3-235B-A22B,156,1248,1747.2,1.7472
834,848,Llama-3.1-8B,1064,1064,1489.6,1.4895999999999998
834,848,Llama-3.1-70B,292,1168,1635.2,1.6352
834,848,Llama-3.1-405B,142,1136,1590.4,1.5904
834,848,Qwen3-30B-A3B,627,1254,1755.6,1.7555999999999998
834,848,Qwen3-235B-A22B,156,1248,1747.2,1.7472
834,850,Llama-3.1-8B,1426,1426,1996.4,1.9964000000000002
834,850,Llama-3.1-70B,390,1560,2184.0,2.184
834,850,Llama-3.1-405B,191,1528,2139.2,2.1391999999999998
834,850,Qwen3-30B-A3B,840,1680,2352.0,2.352
834,850,Qwen3-235B-A22B,208,1664,2329.6,2.3296
834,852,Llama-3.1-8B,1099,1099,1538.6,1.5386
834,852,Llama-3.1-70B,299,1196,1674.4,1.6744
834,852,Llama-3.1-405B,145,1160,1624.0,1.624
834,852,Qwen3-30B-A3B,648,1296,1814.4,1.8144
834,852,Qwen3-235B-A22B,159,1272,1780.8,1.7808
834,852r,Llama-3.1-8B,1078,1078,1509.2,1.5092
834,852r,Llama-3.1-70B,296,1184,1657.6,1.6576
834,852r,Llama-3.1-405B,142,1136,1590.4,1.5904
834,852r,Qwen3-30B-A3B,634,1268,1775.2,1.7752000000000001
834,852r,Qwen3-235B-A22B,159,1272,1780.8,1.7808
834,854,Llama-3.1-8B,1248,1248,1747.2,1.7472
834,854,Llama-3.1-70B,341,1364,1909.6,1.9096
834,854,Llama-3.1-405B,166,1328,1859.2,1.8592
834,854,Qwen3-30B-A3B,731,1462,2046.8,2.0468
834,854,Qwen3-235B-A22B,184,1472,2060.8,2.0608
834,858,Llama-3.1-8B,1078,1078,1509.2,1.5092
834,858,Llama-3.1-70B,292,1168,1635.2,1.6352
834,858,Llama-3.1-405B,142,1136,1590.4,1.5904
834,858,Qwen3-30B-A3B,634,1268,1775.2,1.7752000000000001
834,858,Qwen3-235B-A22B,159,1272,1780.8,1.7808
834,860,Llama-3.1-8B,1064,1064,1489.6,1.4895999999999998
834,860,Llama-3.1-70B,292,1168,1635.2,1.6352
834,860,Llama-3.1-405B,142,1136,1590.4,1.5904
834,860,Qwen3-30B-A3B,627,1254,1755.6,1.7555999999999998
834,860,Qwen3-235B-A22B,156,1248,1747.2,1.7472
834,862,Llama-3.1-8B,1064,1064,1489.6,1.4895999999999998
834,862,Llama-3.1-70B,292,1168,1635.2,1.6352
834,862,Llama-3.1-405B,142,1136,1590.4,1.5904
834,862,Qwen3-30B-A3B,627,1254,1755.6,1.7555999999999998
834,862,Qwen3-235B-A22B,156,1248,1747.2,1.7472
836,840,Llama-3.1-8B,1053,1053,1474.2,1.4742
836,840,Llama-3.1-70B,289,1156,1618.4,1.6184
836,840,Llama-3.1-405B,142,1136,1590.4,1.5904
836,840,Qwen3-30B-A3B,624,1248,1747.2,1.7472
836,840,Qwen3-235B-A22B,156,1248,1747.2,1.7472
836,842,Llama-3.1-8B,1064,1064,1489.6,1.4895999999999998
836,842,Llama-3.1-70B,292,1168,1635.2,1.6352
836,842,Llama-3.1-405B,142,1136,1590.4,1.5904
836,842,Qwen3-30B-A3B,627,1254,1755.6,1.7555999999999998
836,842,Qwen3-235B-A22B,156,1248,1747.2,1.7472
836,844,Llama-3.1-8B,1060,1060,1484.0,1.484
836,844,Llama-3.1-70B,292,1168,1635.2,1.6352
836,844,Llama-3.1-405B,142,1136,1590.4,1.5904
836,844,Qwen3-30B-A3B,627,1254,1755.6,1.7555999999999998
836,844,Qwen3-235B-A22B,156,1248,1747.2,1.7472
836,846,Llama-3.1-8B,1060,1060,1484.0,1.484
836,846,Llama-3.1-70B,292,1168,1635.2,1.6352
836,846,Llama-3.1-405B,142,1136,1590.4,1.5904
836,846,Qwen3-30B-A3B,627,1254,1755.6,1.7555999999999998
836,846,Qwen3-235B-A22B,156,1248,1747.2,1.7472
836,848,Llama-3.1-8B,1057,1057,1479.8,1.4798
836,848,Llama-3.1-70B,292,1168,1635.2,1.6352
836,848,Llama-3.1-405B,142,1136,1590.4,1.5904
836,848,Qwen3-30B-A3B,624,1248,1747.2,1.7472
836,848,Qwen3-235B-A22B,156,1248,1747.2,1.7472
836,850,Llama-3.1-8B,1415,1415,1981.0,1.981
836,850,Llama-3.1-70B,390,1560,2184.0,2.184
836,850,Llama-3.1-405B,187,1496,2094.4,2.0944000000000003
836,850,Qwen3-30B-A3B,829,1658,2321.2,2.3211999999999997
836,850,Qwen3-235B-A22B,208,1664,2329.6,2.3296
836,852,Llama-3.1-8B,1095,1095,1533.0,1.533
836,852,Llama-3.1-70B,299,1196,1674.4,1.6744
836,852,Llama-3.1-405B,145,1160,1624.0,1.624
836,852,Qwen3-30B-A3B,641,1282,1794.8,1.7948
836,852,Qwen3-235B-A22B,159,1272,1780.8,1.7808
836,852r,Llama-3.1-8B,1078,1078,1509.2,1.5092
836,852r,Llama-3.1-70B,292,1168,1635.2,1.6352
836,852r,Llama-3.1-405B,142,1136,1590.4,1.5904
836,852r,Qwen3-30B-A3B,634,1268,1775.2,1.7752000000000001
836,852r,Qwen3-235B-A22B,159,1272,1780.8,1.7808
836,854,Llama-3.1-8B,1248,1248,1747.2,1.7472
836,854,Llama-3.1-70B,341,1364,1909.6,1.9096
836,854,Llama-3.1-405B,166,1328,1859.2,1.8592
836,854,Qwen3-30B-A3B,731,1462,2046.8,2.0468
836,854,Qwen3-235B-A22B,180,1440,2016.0,2.016
836,858,Llama-3.1-8B,1074,1074,1503.6,1.5035999999999998
836,858,Llama-3.1-70B,292,1168,1635.2,1.6352
836,858,Llama-3.1-405B,142,1136,1590.4,1.5904
836,858,Qwen3-30B-A3B,634,1268,1775.2,1.7752000000000001
836,858,Qwen3-235B-A22B,159,1272,1780.8,1.7808
836,860,Llama-3.1-8B,1053,1053,1474.2,1.4742
836,860,Llama-3.1-70B,292,1168,1635.2,1.6352
836,860,Llama-3.1-405B,142,1136,1590.4,1.5904
836,860,Qwen3-30B-A3B,624,1248,1747.2,1.7472
836,860,Qwen3-235B-A22B,156,1248,1747.2,1.7472
836,862,Llama-3.1-8B,1053,1053,1474.2,1.4742
836,862,Llama-3.1-70B,289,1156,1618.4,1.6184
836,862,Llama-3.1-405B,142,1136,1590.4,1.5904
836,862,Qwen3-30B-A3B,624,1248,1747.2,1.7472
836,862,Qwen3-235B-A22B,156,1248,1747.2,1.7472
840,842,Llama-3.1-8B,1064,1064,1489.6,1.4895999999999998
840,842,Llama-3.1-70B,292,1168,1635.2,1.6352
840,842,Llama-3.1-405B,142,1136,1590.4,1.5904
840,842,Qwen3-30B-A3B,627,1254,1755.6,1.7555999999999998
840,842,Qwen3-235B-A22B,156,1248,1747.2,1.7472
840,844,Llama-3.1-8B,1060,1060,1484.0,1.484
840,844,Llama-3.1-70B,292,1168,1635.2,1.6352
840,844,Llama-3.1-405B,142,1136,1590.4,1.5904
840,844,Qwen3-30B-A3B,627,1254,1755.6,1.7555999999999998
840,844,Qwen3-235B-A22B,156,1248,1747.2,1.7472
840,846,Llama-3.1-8B,1057,1057,1479.8,1.4798
840,846,Llama-3.1-70B,292,1168,1635.2,1.6352
840,846,Llama-3.1-405B,142,1136,1590.4,1.5904
840,846,Qwen3-30B-A3B,624,1248,1747.2,1.7472
840,846,Qwen3-235B-A22B,156,1248,1747.2,1.7472
840,848,Llama-3.1-8B,1057,1057,1479.8,1.4798
840,848,Llama-3.1-70B,292,1168,1635.2,1.6352
840,848,Llama-3.1-405B,142,1136,1590.4,1.5904
840,848,Qwen3-30B-A3B,624,1248,1747.2,1.7472
840,848,Qwen3-235B-A22B,156,1248,1747.2,1.7472
840,850,Llama-3.1-8B,1415,1415,1981.0,1.981
840,850,Llama-3.1-70B,390,1560,2184.0,2.184
840,850,Llama-3.1-405B,187,1496,2094.4,2.0944000000000003
840,850,Qwen3-30B-A3B,833,1666,2332.4,2.3324000000000003
840,850,Qwen3-235B-A22B,208,1664,2329.6,2.3296
840,852,Llama-3.1-8B,1095,1095,1533.0,1.533
840,852,Llama-3.1-70B,299,1196,1674.4,1.6744
840,852,Llama-3.1-405B,145,1160,1624.0,1.624
840,852,Qwen3-30B-A3B,641,1282,1794.8,1.7948
840,852,Qwen3-235B-A22B,159,1272,1780.8,1.7808
840,852r,Llama-3.1-8B,1078,1078,1509.2,1.5092
840,852r,Llama-3.1-70B,292,1168,1635.2,1.6352
840,852r,Llama-3.1-405B,142,1136,1590.4,1.5904
840,852r,Qwen3-30B-A3B,634,1268,1775.2,1.7752000000000001
840,852r,Qwen3-235B-A22B,159,1272,1780.8,1.7808
840,854,Llama-3.1-8B,1248,1248,1747.2,1.7472
840,854,Llama-3.1-70B,341,1364,1909.6,1.9096
840,854,Llama-3.1-405B,166,1328,1859.2,1.8592
840,854,Qwen3-30B-A3B,731,1462,2046.8,2.0468
840,854,Qwen3-235B-A22B,180,1440,2016.0,2.016
840,858,Llama-3.1-8B,1074,1074,1503.6,1.5035999999999998
840,858,Llama-3.1-70B,292,1168,1635.2,1.6352
840,858,Llama-3.1-405B,142,1136,1590.4,1.5904
840,858,Qwen3-30B-A3B,634,1268,1775.2,1.7752000000000001
840,858,Qwen3-235B-A22B,159,1272,1780.8,1.7808
840,860,Llama-3.1-8B,1053,1053,1474.2,1.4742
840,860,Llama-3.1-70B,292,1168,1635.2,1.6352
840,860,Llama-3.1-405B,142,1136,1590.4,1.5904
840,860,Qwen3-30B-A3B,624,1248,1747.2,1.7472
840,860,Qwen3-235B-A22B,156,1248,1747.2,1.7472
840,862,Llama-3.1-8B,1053,1053,1474.2,1.4742
840,862,Llama-3.1-70B,289,1156,1618.4,1.6184
840,862,Llama-3.1-405B,142,1136,1590.4,1.5904
840,862,Qwen3-30B-A3B,624,1248,1747.2,1.7472
840,862,Qwen3-235B-A22B,156,1248,1747.2,1.7472
842,844,Llama-3.1-8B,1064,1064,1489.6,1.4895999999999998
842,844,Llama-3.1-70B,292,1168,1635.2,1.6352
842,844,Llama-3.1-405B,142,1136,1590.4,1.5904
842,844,Qwen3-30B-A3B,627,1254,1755.6,1.7555999999999998
842,844,Qwen3-235B-A22B,156,1248,1747.2,1.7472
842,846,Llama-3.1-8B,1064,1064,1489.6,1.4895999999999998
842,846,Llama-3.1-70B,292,1168,1635.2,1.6352
842,846,Llama-3.1-405B,142,1136,1590.4,1.5904
842,846,Qwen3-30B-A3B,627,1254,1755.6,1.7555999999999998
842,846,Qwen3-235B-A22B,156,1248,1747.2,1.7472
842,848,Llama-3.1-8B,1060,1060,1484.0,1.484
842,848,Llama-3.1-70B,292,1168,1635.2,1.6352
842,848,Llama-3.1-405B,142,1136,1590.4,1.5904
842,848,Qwen3-30B-A3B,627,1254,1755.6,1.7555999999999998
842,848,Qwen3-235B-A22B,156,1248,1747.2,1.7472
842,850,Llama-3.1-8B,1422,1422,1990.8,1.9908
842,850,Llama-3.1-70B,390,1560,2184.0,2.184
842,850,Llama-3.1-405B,187,1496,2094.4,2.0944000000000003
842,850,Qwen3-30B-A3B,840,1680,2352.0,2.352
842,850,Qwen3-235B-A22B,208,1664,2329.6,2.3296
842,852,Llama-3.1-8B,1099,1099,1538.6,1.5386
842,852,Llama-3.1-70B,299,1196,1674.4,1.6744
842,852,Llama-3.1-405B,145,1160,1624.0,1.624
842,852,Qwen3-30B-A3B,648,1296,1814.4,1.8144
842,852,Qwen3-235B-A22B,159,1272,1780.8,1.7808
842,852r,Llama-3.1-8B,1078,1078,1509.2,1.5092
842,852r,Llama-3.1-70B,296,1184,1657.6,1.6576
842,852r,Llama-3.1-405B,142,1136,1590.4,1.5904
842,852r,Qwen3-30B-A3B,634,1268,1775.2,1.7752000000000001
842,852r,Qwen3-235B-A22B,159,1272,1780.8,1.7808
842,854,Llama-3.1-8B,1248,1248,1747.2,1.7472
842,854,Llama-3.1-70B,341,1364,1909.6,1.9096
842,854,Llama-3.1-405B,166,1328,1859.2,1.8592
842,854,Qwen3-30B-A3B,731,1462,2046.8,2.0468
842,854,Qwen3-235B-A22B,184,1472,2060.8,2.0608
842,858,Llama-3.1-8B,1078,1078,1509.2,1.5092
842,858,Llama-3.1-70B,292,1168,1635.2,1.6352
842,858,Llama-3.1-405B,142,1136,1590.4,1.5904
842,858,Qwen3-30B-A3B,634,1268,1775.2,1.7752000000000001
842,858,Qwen3-235B-A22B,159,1272,1780.8,1.7808
842,860,Llama-3.1-8B,1064,1064,1489.6,1.4895999999999998
842,860,Llama-3.1-70B,292,1168,1635.2,1.6352
842,860,Llama-3.1-405B,142,1136,1590.4,1.5904
842,860,Qwen3-30B-A3B,627,1254,1755.6,1.7555999999999998
842,860,Qwen3-235B-A22B,156,1248,1747.2,1.7472
842,862,Llama-3.1-8B,1064,1064,1489.6,1.4895999999999998
842,862,Llama-3.1-70B,292,1168,1635.2,1.6352
842,862,Llama-3.1-405B,142,1136,1590.4,1.5904
842,862,Qwen3-30B-A3B,627,1254,1755.6,1.7555999999999998
842,862,Qwen3-235B-A22B,156,1248,1747.2,1.7472
844,846,Llama-3.1-8B,1053,1053,1474.2,1.4742
844,846,Llama-3.1-70B,292,1168,1635.2,1.6352
844,846,Llama-3.1-405B,142,1136,1590.4,1.5904
844,846,Qwen3-30B-A3B,624,1248,1747.2,1.7472
844,846,Qwen3-235B-A22B,156,1248,1747.2,1.7472
844,848,Llama-3.1-8B,1053,1053,1474.2,1.4742
844,848,Llama-3.1-70B,292,1168,1635.2,1.6352
844,848,Llama-3.1-405B,142,1136,1590.4,1.5904
844,848,Qwen3-30B-A3B,624,1248,1747.2,1.7472
844,848,Qwen3-235B-A22B,156,1248,1747.2,1.7472
844,850,Llama-3.1-8B,1422,1422,1990.8,1.9908
844,850,Llama-3.1-70B,390,1560,2184.0,2.184
844,850,Llama-3.1-405B,187,1496,2094.4,2.0944000000000003
844,850,Qwen3-30B-A3B,840,1680,2352.0,2.352
844,850,Qwen3-235B-A22B,208,1664,2329.6,2.3296
844,852,Llama-3.1-8B,1099,1099,1538.6,1.5386
844,852,Llama-3.1-70B,299,1196,1674.4,1.6744
844,852,Llama-3.1-405B,145,1160,1624.0,1.624
844,852,Qwen3-30B-A3B,645,1290,1806.0,1.806
844,852,Qwen3-235B-A22B,159,1272,1780.8,1.7808
844,852r,Llama-3.1-8B,1078,1078,1509.2,1.5092
844,852r,Llama-3.1-70B,296,1184,1657.6,1.6576
844,852r,Llama-3.1-405B,142,1136,1590.4,1.5904
844,852r,Qwen3-30B-A3B,634,1268,1775.2,1.7752000000000001
844,852r,Qwen3-235B-A22B,159,1272,1780.8,1.7808
844,854,Llama-3.1-8B,1248,1248,1747.2,1.7472
844,854,Llama-3.1-70B,341,1364,1909.6,1.9096
844,854,Llama-3.1-405B,166,1328,1859.2,1.8592
844,854,Qwen3-30B-A3B,731,1462,2046.8,2.0468
844,854,Qwen3-235B-A22B,184,1472,2060.8,2.0608
844,858,Llama-3.1-8B,1078,1078,1509.2,1.5092
844,858,Llama-3.1-70B,292,1168,1635.2,1.6352
844,858,Llama-3.1-405B,142,1136,1590.4,1.5904
844,858,Qwen3-30B-A3B,634,1268,1775.2,1.7752000000000001
844,858,Qwen3-235B-A22B,159,1272,1780.8,1.7808
844,860,Llama-3.1-8B,1064,1064,1489.6,1.4895999999999998
844,860,Llama-3.1-70B,292,1168,1635.2,1.6352
844,860,Llama-3.1-405B,142,1136,1590.4,1.5904
844,860,Qwen3-30B-A3B,627,1254,1755.6,1.7555999999999998
844,860,Qwen3-235B-A22B,156,1248,1747.2,1.7472
844,862,Llama-3.1-8B,1060,1060,1484.0,1.484
844,862,Llama-3.1-70B,292,1168,1635.2,1.6352
844,862,Llama-3.1-405B,142,1136,1590.4,1.5904
844,862,Qwen3-30B-A3B,627,1254,1755.6,1.7555999999999998
844,862,Qwen3-235B-A22B,156,1248,1747.2,1.7472
846,848,Llama-3.1-8B,1053,1053,1474.2,1.4742
846,848,Llama-3.1-70B,289,1156,1618.4,1.6184
846,848,Llama-3.1-405B,142,1136,1590.4,1.5904
846,848,Qwen3-30B-A3B,624,1248,1747.2,1.7472
846,848,Qwen3-235B-A22B,156,1248,1747.2,1.7472
846,850,Llama-3.1-8B,1415,1415,1981.0,1.981
846,850,Llama-3.1-70B,390,1560,2184.0,2.184
846,850,Llama-3.1-405B,187,1496,2094.4,2.0944000000000003
846,850,Qwen3-30B-A3B,833,1666,2332.4,2.3324000000000003
846,850,Qwen3-235B-A22B,208,1664,2329.6,2.3296
846,852,Llama-3.1-8B,1095,1095,1533.0,1.533
846,852,Llama-3.1-70B,299,1196,1674.4,1.6744
846,852,Llama-3.1-405B,145,1160,1624.0,1.624
846,852,Qwen3-30B-A3B,641,1282,1794.8,1.7948
846,852,Qwen3-235B-A22B,159,1272,1780.8,1.7808
846,852r,Llama-3.1-8B,1078,1078,1509.2,1.5092
846,852r,Llama-3.1-70B,292,1168,1635.2,1.6352
846,852r,Llama-3.1-405B,142,1136,1590.4,1.5904
846,852r,Qwen3-30B-A3B,634,1268,1775.2,1.7752000000000001
846,852r,Qwen3-235B-A22B,159,1272,1780.8,1.7808
846,854,Llama-3.1-8B,1248,1248,1747.2,1.7472
846,854,Llama-3.1-70B,341,1364,1909.6,1.9096
846,854,Llama-3.1-405B,166,1328,1859.2,1.8592
846,854,Qwen3-30B-A3B,731,1462,2046.8,2.0468
846,854,Qwen3-235B-A22B,180,1440,2016.0,2.016
846,858,Llama-3.1-8B,1074,1074,1503.6,1.5035999999999998
846,858,Llama-3.1-70B,292,1168,1635.2,1.6352
846,858,Llama-3.1-405B,142,1136,1590.4,1.5904
846,858,Qwen3-30B-A3B,634,1268,1775.2,1.7752000000000001
846,858,Qwen3-235B-A22B,159,1272,1780.8,1.7808
846,860,Llama-3.1-8B,1060,1060,1484.0,1.484
846,860,Llama-3.1-70B,292,1168,1635.2,1.6352
846,860,Llama-3.1-405B,142,1136,1590.4,1.5904
846,860,Qwen3-30B-A3B,627,1254,1755.6,1.7555999999999998
846,860,Qwen3-235B-A22B,156,1248,1747.2,1.7472
846,862,Llama-3.1-8B,1060,1060,1484.0,1.484
846,862,Llama-3.1-70B,292,1168,1635.2,1.6352
846,862,Llama-3.1-405B,142,1136,1590.4,1.5904
846,862,Qwen3-30B-A3B,627,1254,1755.6,1.7555999999999998
846,862,Qwen3-235B-A22B,156,1248,1747.2,1.7472
848,850,Llama-3.1-8B,1415,1415,1981.0,1.981
848,850,Llama-3.1-70B,390,1560,2184.0,2.184
848,850,Llama-3.1-405B,187,1496,2094.4,2.0944000000000003
848,850,Qwen3-30B-A3B,833,1666,2332.4,2.3324000000000003
848,850,Qwen3-235B-A22B,208,1664,2329.6,2.3296
848,852,Llama-3.1-8B,1095,1095,1533.0,1.533
848,852,Llama-3.1-70B,299,1196,1674.4,1.6744
848,852,Llama-3.1-405B,145,1160,1624.0,1.624
848,852,Qwen3-30B-A3B,641,1282,1794.8,1.7948
848,852,Qwen3-235B-A22B,159,1272,1780.8,1.7808
848,852r,Llama-3.1-8B,1078,1078,1509.2,1.5092
848,852r,Llama-3.1-70B,292,1168,1635.2,1.6352
848,852r,Llama-3.1-405B,142,1136,1590.4,1.5904
848,852r,Qwen3-30B-A3B,634,1268,1775.2,1.7752000000000001
848,852r,Qwen3-235B-A22B,159,1272,1780.8,1.7808
848,854,Llama-3.1-8B,1245,1245,1743.0,1.743
848,854,Llama-3.1-70B,341,1364,1909.6,1.9096
848,854,Llama-3.1-405B,166,1328,1859.2,1.8592
848,854,Qwen3-30B-A3B,731,1462,2046.8,2.0468
848,854,Qwen3-235B-A22B,180,1440,2016.0,2.016
848,858,Llama-3.1-8B,1074,1074,1503.6,1.5035999999999998
848,858,Llama-3.1-70B,292,1168,1635.2,1.6352
848,858,Llama-3.1-405B,142,1136,1590.4,1.5904
848,858,Qwen3-30B-A3B,631,1262,1766.8,1.7668
848,858,Qwen3-235B-A22B,159,1272,1780.8,1.7808
848,860,Llama-3.1-8B,1060,1060,1484.0,1.484
848,860,Llama-3.1-70B,292,1168,1635.2,1.6352
848,860,Llama-3.1-405B,142,1136,1590.4,1.5904
848,860,Qwen3-30B-A3B,627,1254,1755.6,1.7555999999999998
848,860,Qwen3-235B-A22B,156,1248,1747.2,1.7472
848,862,Llama-3.1-8B,1057,1057,1479.8,1.4798
848,862,Llama-3.1-70B,292,1168,1635.2,1.6352
848,862,Llama-3.1-405B,142,1136,1590.4,1.5904
848,862,Qwen3-30B-A3B,624,1248,1747.2,1.7472
848,862,Qwen3-235B-A22B,156,1248,1747.2,1.7472
850,852,Llama-3.1-8B,1464,1464,2049.6,2.0496
850,852,Llama-3.1-70B,401,1604,2245.6,2.2456
850,852,Llama-3.1-405B,194,1552,2172.8,2.1728
850,852,Qwen3-30B-A3B,864,1728,2419.2,2.4192
850,852,Qwen3-235B-A22B,215,1720,2408.0,2.408
850,852r,Llama-3.1-8B,1440,1440,2016.0,2.016
850,852r,Llama-3.1-70B,394,1576,2206.4,2.2064
850,852r,Llama-3.1-405B,191,1528,2139.2,2.1391999999999998
850,852r,Qwen3-30B-A3B,847,1694,2371.6,2.3716
850,852r,Qwen3-235B-A22B,212,1696,2374.4,2.3744
850,854,Llama-3.1-8B,1754,1754,2455.6,2.4556
850,854,Llama-3.1-70B,480,1920,2688.0,2.688
850,854,Llama-3.1-405B,239,1912,2676.8,2.6768
850,854,Qwen3-30B-A3B,1035,2070,2898.0,2.898
850,854,Qwen3-235B-A22B,260,2080,2912.0,2.912
850,858,Llama-3.1-8B,1433,1433,2006.2,2.0062
850,858,Llama-3.1-70B,390,1560,2184.0,2.184
850,858,Llama-3.1-405B,191,1528,2139.2,2.1391999999999998
850,858,Qwen3-30B-A3B,843,1686,2360.4,2.3604000000000003
850,858,Qwen3-235B-A22B,212,1696,2374.4,2.3744
850,860,Llama-3.1-8B,1419,1419,1986.6,1.9866
850,860,Llama-3.1-70B,390,1560,2184.0,2.184
850,860,Llama-3.1-405B,187,1496,2094.4,2.0944000000000003
850,860,Qwen3-30B-A3B,840,1680,2352.0,2.352
850,860,Qwen3-235B-A22B,208,1664,2329.6,2.3296
850,862,Llama-3.1-8B,1415,1415,1981.0,1.981
850,862,Llama-3.1-70B,390,1560,2184.0,2.184
850,862,Llama-3.1-405B,187,1496,2094.4,2.0944000000000003
850,862,Qwen3-30B-A3B,829,1658,2321.2,2.3211999999999997
850,862,Qwen3-235B-A22B,208,1664,2329.6,2.3296
852,852r,Llama-3.1-8B,1102,1102,1542.8,1.5428
852,852r,Llama-3.1-70B,303,1212,1696.8,1.6967999999999999
852,852r,Llama-3.1-405B,145,1160,1624.0,1.624
852,852r,Qwen3-30B-A3B,648,1296,1814.4,1.8144
852,852r,Qwen3-235B-A22B,163,1304,1825.6,1.8256
852,854,Llama-3.1-8B,1269,1269,1776.6,1.7766
852,854,Llama-3.1-70B,348,1392,1948.8,1.9487999999999999
852,854,Llama-3.1-405B,170,1360,1904.0,1.904
852,854,Qwen3-30B-A3B,752,1504,2105.6,2.1056
852,854,Qwen3-235B-A22B,187,1496,2094.4,2.0944000000000003
852,858,Llama-3.1-8B,1102,1102,1542.8,1.5428
852,858,Llama-3.1-70B,299,1196,1674.4,1.6744
852,858,Llama-3.1-405B,145,1160,1624.0,1.624
852,858,Qwen3-30B-A3B,648,1296,1814.4,1.8144
852,858,Qwen3-235B-A22B,159,1272,1780.8,1.7808
852,860,Llama-3.1-8B,1099,1099,1538.6,1.5386
852,860,Llama-3.1-70B,299,1196,1674.4,1.6744
852,860,Llama-3.1-405B,145,1160,1624.0,1.624
852,860,Qwen3-30B-A3B,645,1290,1806.0,1.806
852,860,Qwen3-235B-A22B,159,1272,1780.8,1.7808
852,862,Llama-3.1-8B,1095,1095,1533.0,1.533
852,862,Llama-3.1-70B,299,1196,1674.4,1.6744
852,862,Llama-3.1-405B,145,1160,1624.0,1.624
852,862,Qwen3-30B-A3B,641,1282,1794.8,1.7948
852,862,Qwen3-235B-A22B,159,1272,1780.8,1.7808
852r,854,Llama-3.1-8B,1252,1252,1752.8,1.7528
852r,854,Llama-3.1-70B,345,1380,1932.0,1.932
852r,854,Llama-3.1-405B,166,1328,1859.2,1.8592
852r,854,Qwen3-30B-A3B,738,1476,2066.4,2.0664000000000002
852r,854,Qwen3-235B-A22B,184,1472,2060.8,2.0608
852r,858,Llama-3.1-8B,1078,1078,1509.2,1.5092
852r,858,Llama-3.1-70B,296,1184,1657.6,1.6576
852r,858,Llama-3.1-405B,145,1160,1624.0,1.624
852r,858,Qwen3-30B-A3B,638,1276,1786.4,1.7864
852r,858,Qwen3-235B-A22B,159,1272,1780.8,1.7808
852r,860,Llama-3.1-8B,1078,1078,1509.2,1.5092
852r,860,Llama-3.1-70B,296,1184,1657.6,1.6576
852r,860,Llama-3.1-405B,142,1136,1590.4,1.5904
852r,860,Qwen3-30B-A3B,634,1268,1775.2,1.7752000000000001
852r,860,Qwen3-235B-A22B,159,1272,1780.8,1.7808
852r,862,Llama-3.1-8B,1078,1078,1509.2,1.5092
852r,862,Llama-3.1-70B,292,1168,1635.2,1.6352
852r,862,Llama-3.1-405B,142,1136,1590.4,1.5904
852r,862,Qwen3-30B-A3B,634,1268,1775.2,1.7752000000000001
852r,862,Qwen3-235B-A22B,159,1272,1780.8,1.7808
854,858,Llama-3.1-8B,1248,1248,1747.2,1.7472
854,858,Llama-3.1-70B,341,1364,1909.6,1.9096
854,858,Llama-3.1-405B,166,1328,1859.2,1.8592
854,858,Qwen3-30B-A3B,738,1476,2066.4,2.0664000000000002
854,858,Qwen3-235B-A22B,184,1472,2060.8,2.0608
854,860,Llama-3.1-8B,1248,1248,1747.2,1.7472
854,860,Llama-3.1-70B,341,1364,1909.6,1.9096
854,860,Llama-3.1-405B,166,1328,1859.2,1.8592
854,860,Qwen3-30B-A3B,731,1462,2046.8,2.0468
854,860,Qwen3-235B-A22B,184,1472,2060.8,2.0608
854,862,Llama-3.1-8B,1248,1248,1747.2,1.7472
854,862,Llama-3.1-70B,341,1364,1909.6,1.9096
854,862,Llama-3.1-405B,166,1328,1859.2,1.8592
854,862,Qwen3-30B-A3B,731,1462,2046.8,2.0468
854,862,Qwen3-235B-A22B,180,1440,2016.0,2.016
858,860,Llama-3.1-8B,1078,1078,1509.2,1.5092
858,860,Llama-3.1-70B,292,1168,1635.2,1.6352
858,860,Llama-3.1-405B,142,1136,1590.4,1.5904
858,860,Qwen3-30B-A3B,634,1268,1775.2,1.7752000000000001
858,860,Qwen3-235B-A22B,159,1272,1780.8,1.7808
858,862,Llama-3.1-8B,1074,1074,1503.6,1.5035999999999998
858,862,Llama-3.1-70B,292,1168,1635.2,1.6352
858,862,Llama-3.1-405B,142,1136,1590.4,1.5904
858,862,Qwen3-30B-A3B,634,1268,1775.2,1.7752000000000001
858,862,Qwen3-235B-A22B,159,1272,1780.8,1.7808
860,862,Llama-3.1-8B,1053,1053,1474.2,1.4742
860,862,Llama-3.1-70B,292,1168,1635.2,1.6352
860,862,Llama-3.1-405B,142,1136,1590.4,1.5904
860,862,Qwen3-30B-A3B,624,1248,1747.2,1.7472
860,862,Qwen3-235B-A22B,156,1248,1747.2,1.7472
